#
# There is insufficient memory for the Java Runtime Environment to continue.
# Native memory allocation (malloc) failed to allocate 1128336 bytes. Error detail: Chunk::new
# Possible reasons:
#   The system is out of physical RAM or swap space
#   This process is running with CompressedOops enabled, and the Java Heap may be blocking the growth of the native heap
# Possible solutions:
#   Reduce memory load on the system
#   Increase physical memory or swap space
#   Check if swap backing store is full
#   Decrease Java heap size (-Xmx/-Xms)
#   Decrease number of Java threads
#   Decrease Java thread stack sizes (-Xss)
#   Set larger code cache with -XX:ReservedCodeCacheSize=
#   JVM is running with Zero Based Compressed Oops mode in which the Java heap is
#     placed in the first 32GB address space. The Java Heap base address is the
#     maximum limit for the native heap growth. Please use -XX:HeapBaseMinAddress
#     to set the Java Heap base and to place the Java Heap above 32GB virtual address.
# This output file may be truncated or incomplete.
#
#  Out of Memory Error (arena.cpp:168), pid=56984, tid=40444
#
# JRE version: OpenJDK Runtime Environment Temurin-21.0.12.1+1 (21.0.12.1+1) (build 21.0.12.1+1-LTS)
# Java VM: OpenJDK 64-Bit Server VM Temurin-21.0.12.1+1 (21.0.12.1+1-LTS, mixed mode, sharing, tiered, compressed oops, compressed class ptrs, g1 gc, windows-amd64)
# No core dump will be written. Minidumps are not enabled by default on client versions of Windows
#

---------------  S U M M A R Y ------------

Command Line: -DkotlinLanguageServer.version=1.3.13 org.javacs.kt.MainKt

Host: AMD Ryzen 5 7535HS with Radeon Graphics        , 12 cores, 23G,  Windows 11 , 64 bit Build 26100 (10.0.26100.9444)
Time: Wed Sep 30 07:35:33 2026 Syria Standard Time elapsed time: 33271.878541 seconds (0d 9h 14m 31s)

---------------  T H R E A D  ---------------

Current thread (0x000002a80067f610):  JavaThread "C2 CompilerThread0" daemon [_thread_in_native, id=40444, stack(0x000000d5fdf00000,0x000000d5fe000000) (1024K)]


Current CompileTask:
C2:33271878 23555       4       org.jetbrains.kotlin.contracts.EffectsExtractingVisitor::visitKtElement (10 bytes)

Stack: [0x000000d5fdf00000,0x000000d5fe000000]
Native frames: (J=compiled Java code, j=interpreted, Vv=VM code, C=native code)
V  [jvm.dll+0x6d83e9]
V  [jvm.dll+0x8b5736]
V  [jvm.dll+0x8b7cee]
V  [jvm.dll+0x8b83d3]
V  [jvm.dll+0x284596]
V  [jvm.dll+0xc685d]
V  [jvm.dll+0xc6da1]
V  [jvm.dll+0x3bf151]
V  [jvm.dll+0x1e3f42]
V  [jvm.dll+0x24c853]
V  [jvm.dll+0x24bce0]
V  [jvm.dll+0x1cb4ae]
V  [jvm.dll+0x25baad]
V  [jvm.dll+0x25a03a]
V  [jvm.dll+0x3f8aae]
V  [jvm.dll+0x8600cd]
V  [jvm.dll+0x6d6c1d]
C  [ucrtbase.dll+0x2cd30]
C  [KERNEL32.DLL+0x2cd87]
C  [ntdll.dll+0xacaec]


---------------  P R O C E S S  ---------------

Threads class SMR info:
_java_thread_list=0x000002a8508b0720, length=16, elements={
0x000002a87db2dfa0, 0x000002a800678c20, 0x000002a80067c200, 0x000002a80067d030,
0x000002a80067dbc0, 0x000002a80067e880, 0x000002a80067f610, 0x000002a800684bf0,
0x000002a80081f1a0, 0x000002a800820820, 0x000002a84731e080, 0x000002a85e8e76d0,
0x000002a850adbc80, 0x000002a851365ed0, 0x000002a84ff5fb30, 0x000002a8520b5920
}

Java Threads: ( => current thread )
  0x000002a87db2dfa0 JavaThread "Reference Handler"          daemon [_thread_blocked, id=50508, stack(0x000000d5fd900000,0x000000d5fda00000) (1024K)]
  0x000002a800678c20 JavaThread "Finalizer"                  daemon [_thread_blocked, id=7204, stack(0x000000d5fda00000,0x000000d5fdb00000) (1024K)]
  0x000002a80067c200 JavaThread "Signal Dispatcher"          daemon [_thread_blocked, id=46976, stack(0x000000d5fdb00000,0x000000d5fdc00000) (1024K)]
  0x000002a80067d030 JavaThread "Attach Listener"            daemon [_thread_blocked, id=4216, stack(0x000000d5fdc00000,0x000000d5fdd00000) (1024K)]
  0x000002a80067dbc0 JavaThread "Service Thread"             daemon [_thread_blocked, id=44728, stack(0x000000d5fdd00000,0x000000d5fde00000) (1024K)]
  0x000002a80067e880 JavaThread "Monitor Deflation Thread"   daemon [_thread_blocked, id=29380, stack(0x000000d5fde00000,0x000000d5fdf00000) (1024K)]
=>0x000002a80067f610 JavaThread "C2 CompilerThread0"         daemon [_thread_in_native, id=40444, stack(0x000000d5fdf00000,0x000000d5fe000000) (1024K)]
  0x000002a800684bf0 JavaThread "C1 CompilerThread0"         daemon [_thread_blocked, id=13288, stack(0x000000d5fe000000,0x000000d5fe100000) (1024K)]
  0x000002a80081f1a0 JavaThread "Notification Thread"        daemon [_thread_blocked, id=17592, stack(0x000000d5fe100000,0x000000d5fe200000) (1024K)]
  0x000002a800820820 JavaThread "Common-Cleaner"             daemon [_thread_blocked, id=38100, stack(0x000000d5fe200000,0x000000d5fe300000) (1024K)]
  0x000002a84731e080 JavaThread "client"                            [_thread_in_Java, id=62920, stack(0x000000d5feb00000,0x000000d5fec00000) (1024K)]
  0x000002a85e8e76d0 JavaThread "DestroyJavaVM"                     [_thread_blocked, id=53284, stack(0x000000d5fd100000,0x000000d5fd200000) (1024K)]
  0x000002a850adbc80 JavaThread "async0"                            [_thread_blocked, id=62840, stack(0x000000d5fef00000,0x000000d5ff000000) (1024K)]
  0x000002a851365ed0 JavaThread "async1"                            [_thread_blocked, id=52980, stack(0x000000d5ff000000,0x000000d5ff100000) (1024K)]
  0x000002a84ff5fb30 JavaThread "debounce0"                         [_thread_blocked, id=54676, stack(0x000000d5fcd00000,0x000000d5fce00000) (1024K)]
  0x000002a8520b5920 JavaThread "async2"                            [_thread_blocked, id=67068, stack(0x000000d5ff300000,0x000000d5ff400000) (1024K)]
Total: 16

Other Threads:
  0x000002a87db1d1b0 VMThread "VM Thread"                           [id=11728, stack(0x000000d5fd800000,0x000000d5fd900000) (1024K)]
  0x000002a87db05c90 WatcherThread "VM Periodic Task Thread"        [id=20176, stack(0x000000d5fd700000,0x000000d5fd800000) (1024K)]
  0x000002a87d95e790 WorkerThread "GC Thread#0"                     [id=25984, stack(0x000000d5fd200000,0x000000d5fd300000) (1024K)]
  0x000002a846527dc0 WorkerThread "GC Thread#1"                     [id=30196, stack(0x000000d5fe400000,0x000000d5fe500000) (1024K)]
  0x000002a846528170 WorkerThread "GC Thread#2"                     [id=44696, stack(0x000000d5fe500000,0x000000d5fe600000) (1024K)]
  0x000002a846528520 WorkerThread "GC Thread#3"                     [id=39320, stack(0x000000d5fe600000,0x000000d5fe700000) (1024K)]
  0x000002a8465288d0 WorkerThread "GC Thread#4"                     [id=6900, stack(0x000000d5fe700000,0x000000d5fe800000) (1024K)]
  0x000002a84647c730 WorkerThread "GC Thread#5"                     [id=39988, stack(0x000000d5fe800000,0x000000d5fe900000) (1024K)]
  0x000002a84647cae0 WorkerThread "GC Thread#6"                     [id=61668, stack(0x000000d5fe900000,0x000000d5fea00000) (1024K)]
  0x000002a84647ce90 WorkerThread "GC Thread#7"                     [id=57384, stack(0x000000d5fea00000,0x000000d5feb00000) (1024K)]
  0x000002a84696def0 WorkerThread "GC Thread#8"                     [id=63664, stack(0x000000d5fe300000,0x000000d5fe400000) (1024K)]
  0x000002a846bf54c0 WorkerThread "GC Thread#9"                     [id=58664, stack(0x000000d5fec00000,0x000000d5fed00000) (1024K)]
  0x000002a85e945c00 ConcurrentGCThread "G1 Main Marker"            [id=53488, stack(0x000000d5fd300000,0x000000d5fd400000) (1024K)]
  0x000002a87d95fb60 WorkerThread "G1 Conc#0"                       [id=37788, stack(0x000000d5fd400000,0x000000d5fd500000) (1024K)]
  0x000002a846bf5fd0 WorkerThread "G1 Conc#1"                       [id=58656, stack(0x000000d5fed00000,0x000000d5fee00000) (1024K)]
  0x000002a846bf4600 WorkerThread "G1 Conc#2"                       [id=58652, stack(0x000000d5fee00000,0x000000d5fef00000) (1024K)]
  0x000002a87d9d1760 ConcurrentGCThread "G1 Refine#0"               [id=10624, stack(0x000000d5fd500000,0x000000d5fd600000) (1024K)]
  0x000002a87d9d22e0 ConcurrentGCThread "G1 Service"                [id=21332, stack(0x000000d5fd600000,0x000000d5fd700000) (1024K)]
Total: 18

Threads with active compile tasks:
C2 CompilerThread0  33271942 23555       4       org.jetbrains.kotlin.contracts.EffectsExtractingVisitor::visitKtElement (10 bytes)
Total: 1

VM state: not at safepoint (normal execution)

VM Mutex/Monitor currently owned by a thread: None

Heap address: 0x000000068c800000, size: 5944 MB, Compressed Oops mode: Zero based, Oop shift amount: 3

CDS archive(s) mapped at: [0x000002a801000000-0x000002a801c80000-0x000002a801c80000), size 13107200, SharedBaseAddress: 0x000002a801000000, ArchiveRelocationMode: 1.
Compressed class space mapped at: 0x000002a802000000-0x000002a842000000, reserved size: 1073741824
Narrow klass base: 0x000002a801000000, Narrow klass shift: 0, Narrow klass range: 0x100000000

GC Precious Log:
 CardTable entry size: 512
 Card Set container configuration: InlinePtr #cards 4 size 8 Array Of Cards #cards 32 size 80 Howl #buckets 8 coarsen threshold 7372 Howl Bitmap #cards 1024 size 144 coarsen threshold 921 Card regions per heap region 1 cards per card region 8192
 CPUs: 12 total, 12 available
 Memory: 23765M
 Large Page Support: Disabled
 NUMA Support: Disabled
 Compressed Oops: Enabled (Zero based)
 Heap Region Size: 4M
 Heap Min Capacity: 8M
 Heap Initial Capacity: 372M
 Heap Max Capacity: 5944M
 Pre-touch: Disabled
 Parallel Workers: 10
 Concurrent Workers: 3
 Concurrent Refinement Workers: 10
 Periodic GC: Disabled

Heap:
 garbage-first heap   total 2949120K, used 389625K [0x000000068c800000, 0x0000000800000000)
  region size 4096K, 19 young (77824K), 2 survivors (8192K)
 Metaspace       used 83865K, committed 85824K, reserved 1179648K
  class space    used 9022K, committed 9792K, reserved 1048576K

Heap Regions: E=young(eden), S=young(survivor), O=old, HS=humongous(starts), HC=humongous(continues), CS=collection set, F=free, TAMS=top-at-mark-start, PB=parsable bottom
|   0|0x000000068c800000, 0x000000068cc00000, 0x000000068cc00000|100%|HS|  |TAMS 0x000000068c800000| PB 0x000000068c800000| Complete 
|   1|0x000000068cc00000, 0x000000068d000000, 0x000000068d000000|100%| O|  |TAMS 0x000000068cc00000| PB 0x000000068cc00000| Untracked 
|   2|0x000000068d000000, 0x000000068d400000, 0x000000068d400000|100%| O|  |TAMS 0x000000068d000000| PB 0x000000068d000000| Untracked 
|   3|0x000000068d400000, 0x000000068d800000, 0x000000068d800000|100%| O|  |TAMS 0x000000068d400000| PB 0x000000068d400000| Untracked 
|   4|0x000000068d800000, 0x000000068dc00000, 0x000000068dc00000|100%| O|  |TAMS 0x000000068d800000| PB 0x000000068d800000| Untracked 
|   5|0x000000068dc00000, 0x000000068e000000, 0x000000068e000000|100%| O|  |TAMS 0x000000068dc00000| PB 0x000000068dc00000| Untracked 
|   6|0x000000068e000000, 0x000000068e400000, 0x000000068e400000|100%| O|  |TAMS 0x000000068e000000| PB 0x000000068e000000| Untracked 
|   7|0x000000068e400000, 0x000000068e800000, 0x000000068e800000|100%| O|  |TAMS 0x000000068e400000| PB 0x000000068e400000| Untracked 
|   8|0x000000068e800000, 0x000000068ec00000, 0x000000068ec00000|100%| O|  |TAMS 0x000000068e800000| PB 0x000000068e800000| Untracked 
|   9|0x000000068ec00000, 0x000000068f000000, 0x000000068f000000|100%| O|  |TAMS 0x000000068ec00000| PB 0x000000068ec00000| Untracked 
|  10|0x000000068f000000, 0x000000068f400000, 0x000000068f400000|100%| O|  |TAMS 0x000000068f000000| PB 0x000000068f000000| Untracked 
|  11|0x000000068f400000, 0x000000068f800000, 0x000000068f800000|100%| O|  |TAMS 0x000000068f400000| PB 0x000000068f400000| Untracked 
|  12|0x000000068f800000, 0x000000068fc00000, 0x000000068fc00000|100%| O|  |TAMS 0x000000068f800000| PB 0x000000068f800000| Untracked 
|  13|0x000000068fc00000, 0x0000000690000000, 0x0000000690000000|100%| O|  |TAMS 0x000000068fc00000| PB 0x000000068fc00000| Untracked 
|  14|0x0000000690000000, 0x0000000690400000, 0x0000000690400000|100%| O|  |TAMS 0x0000000690000000| PB 0x0000000690000000| Untracked 
|  15|0x0000000690400000, 0x0000000690800000, 0x0000000690800000|100%| O|  |TAMS 0x0000000690400000| PB 0x0000000690400000| Untracked 
|  16|0x0000000690800000, 0x0000000690c00000, 0x0000000690c00000|100%| O|  |TAMS 0x0000000690800000| PB 0x0000000690800000| Untracked 
|  17|0x0000000690c00000, 0x0000000691000000, 0x0000000691000000|100%| O|  |TAMS 0x0000000690c00000| PB 0x0000000690c00000| Untracked 
|  18|0x0000000691000000, 0x0000000691400000, 0x0000000691400000|100%| O|  |TAMS 0x0000000691000000| PB 0x0000000691000000| Untracked 
|  19|0x0000000691400000, 0x0000000691800000, 0x0000000691800000|100%| O|  |TAMS 0x0000000691400000| PB 0x0000000691400000| Untracked 
|  20|0x0000000691800000, 0x0000000691c00000, 0x0000000691c00000|100%| O|  |TAMS 0x0000000691800000| PB 0x0000000691800000| Untracked 
|  21|0x0000000691c00000, 0x0000000692000000, 0x0000000692000000|100%| O|  |TAMS 0x0000000691c00000| PB 0x0000000691c00000| Untracked 
|  22|0x0000000692000000, 0x0000000692400000, 0x0000000692400000|100%| O|  |TAMS 0x0000000692000000| PB 0x0000000692000000| Untracked 
|  23|0x0000000692400000, 0x0000000692800000, 0x0000000692800000|100%| O|  |TAMS 0x0000000692400000| PB 0x0000000692400000| Untracked 
|  24|0x0000000692800000, 0x0000000692c00000, 0x0000000692c00000|100%| O|  |TAMS 0x0000000692800000| PB 0x0000000692800000| Untracked 
|  25|0x0000000692c00000, 0x0000000693000000, 0x0000000693000000|100%| O|  |TAMS 0x0000000692c00000| PB 0x0000000692c00000| Untracked 
|  26|0x0000000693000000, 0x0000000693400000, 0x0000000693400000|100%| O|  |TAMS 0x0000000693000000| PB 0x0000000693000000| Untracked 
|  27|0x0000000693400000, 0x0000000693800000, 0x0000000693800000|100%| O|  |TAMS 0x0000000693400000| PB 0x0000000693400000| Untracked 
|  28|0x0000000693800000, 0x0000000693c00000, 0x0000000693c00000|100%| O|  |TAMS 0x0000000693800000| PB 0x0000000693800000| Untracked 
|  29|0x0000000693c00000, 0x0000000694000000, 0x0000000694000000|100%| O|  |TAMS 0x0000000693c00000| PB 0x0000000693c00000| Untracked 
|  30|0x0000000694000000, 0x0000000694400000, 0x0000000694400000|100%| O|  |TAMS 0x0000000694000000| PB 0x0000000694000000| Untracked 
|  31|0x0000000694400000, 0x0000000694800000, 0x0000000694800000|100%| O|  |TAMS 0x0000000694400000| PB 0x0000000694400000| Untracked 
|  32|0x0000000694800000, 0x0000000694c00000, 0x0000000694c00000|100%| O|  |TAMS 0x0000000694800000| PB 0x0000000694800000| Untracked 
|  33|0x0000000694c00000, 0x0000000695000000, 0x0000000695000000|100%| O|  |TAMS 0x0000000694c00000| PB 0x0000000694c00000| Untracked 
|  34|0x0000000695000000, 0x0000000695400000, 0x0000000695400000|100%| O|  |TAMS 0x0000000695000000| PB 0x0000000695000000| Untracked 
|  35|0x0000000695400000, 0x0000000695800000, 0x0000000695800000|100%| O|  |TAMS 0x0000000695400000| PB 0x0000000695400000| Untracked 
|  36|0x0000000695800000, 0x0000000695c00000, 0x0000000695c00000|100%| O|  |TAMS 0x0000000695800000| PB 0x0000000695800000| Untracked 
|  37|0x0000000695c00000, 0x0000000696000000, 0x0000000696000000|100%| O|  |TAMS 0x0000000695c00000| PB 0x0000000695c00000| Untracked 
|  38|0x0000000696000000, 0x0000000696400000, 0x0000000696400000|100%| O|  |TAMS 0x0000000696000000| PB 0x0000000696000000| Untracked 
|  39|0x0000000696400000, 0x0000000696800000, 0x0000000696800000|100%| O|  |TAMS 0x0000000696400000| PB 0x0000000696400000| Untracked 
|  40|0x0000000696800000, 0x0000000696c00000, 0x0000000696c00000|100%| O|  |TAMS 0x0000000696800000| PB 0x0000000696800000| Untracked 
|  41|0x0000000696c00000, 0x0000000697000000, 0x0000000697000000|100%| O|  |TAMS 0x0000000696c00000| PB 0x0000000696c00000| Untracked 
|  42|0x0000000697000000, 0x0000000697400000, 0x0000000697400000|100%| O|  |TAMS 0x0000000697000000| PB 0x0000000697000000| Untracked 
|  43|0x0000000697400000, 0x0000000697800000, 0x0000000697800000|100%| O|  |TAMS 0x0000000697400000| PB 0x0000000697400000| Untracked 
|  44|0x0000000697800000, 0x0000000697c00000, 0x0000000697c00000|100%| O|  |TAMS 0x0000000697800000| PB 0x0000000697800000| Untracked 
|  45|0x0000000697c00000, 0x0000000697e1b0a8, 0x0000000698000000| 52%| O|  |TAMS 0x0000000697c00000| PB 0x0000000697c00000| Untracked 
|  46|0x0000000698000000, 0x0000000698400000, 0x0000000698400000|100%| O|  |TAMS 0x0000000698000000| PB 0x0000000698000000| Untracked 
|  47|0x0000000698400000, 0x0000000698400000, 0x0000000698800000|  0%| F|  |TAMS 0x0000000698400000| PB 0x0000000698400000| Untracked 
|  48|0x0000000698800000, 0x0000000698800000, 0x0000000698c00000|  0%| F|  |TAMS 0x0000000698800000| PB 0x0000000698800000| Untracked 
|  49|0x0000000698c00000, 0x0000000698c00000, 0x0000000699000000|  0%| F|  |TAMS 0x0000000698c00000| PB 0x0000000698c00000| Untracked 
|  50|0x0000000699000000, 0x0000000699000000, 0x0000000699400000|  0%| F|  |TAMS 0x0000000699000000| PB 0x0000000699000000| Untracked 
|  51|0x0000000699400000, 0x0000000699800000, 0x0000000699800000|100%| O|  |TAMS 0x0000000699400000| PB 0x0000000699400000| Untracked 
|  52|0x0000000699800000, 0x0000000699c00000, 0x0000000699c00000|100%| O|  |TAMS 0x0000000699800000| PB 0x0000000699800000| Untracked 
|  53|0x0000000699c00000, 0x0000000699c00000, 0x000000069a000000|  0%| F|  |TAMS 0x0000000699c00000| PB 0x0000000699c00000| Untracked 
|  54|0x000000069a000000, 0x000000069a000000, 0x000000069a400000|  0%| F|  |TAMS 0x000000069a000000| PB 0x000000069a000000| Untracked 
|  55|0x000000069a400000, 0x000000069a400000, 0x000000069a800000|  0%| F|  |TAMS 0x000000069a400000| PB 0x000000069a400000| Untracked 
|  56|0x000000069a800000, 0x000000069a800000, 0x000000069ac00000|  0%| F|  |TAMS 0x000000069a800000| PB 0x000000069a800000| Untracked 
|  57|0x000000069ac00000, 0x000000069ac00000, 0x000000069b000000|  0%| F|  |TAMS 0x000000069ac00000| PB 0x000000069ac00000| Untracked 
|  58|0x000000069b000000, 0x000000069b000000, 0x000000069b400000|  0%| F|  |TAMS 0x000000069b000000| PB 0x000000069b000000| Untracked 
|  59|0x000000069b400000, 0x000000069b400000, 0x000000069b800000|  0%| F|  |TAMS 0x000000069b400000| PB 0x000000069b400000| Untracked 
|  60|0x000000069b800000, 0x000000069b800000, 0x000000069bc00000|  0%| F|  |TAMS 0x000000069b800000| PB 0x000000069b800000| Untracked 
|  61|0x000000069bc00000, 0x000000069bc00000, 0x000000069c000000|  0%| F|  |TAMS 0x000000069bc00000| PB 0x000000069bc00000| Untracked 
|  62|0x000000069c000000, 0x000000069c000000, 0x000000069c400000|  0%| F|  |TAMS 0x000000069c000000| PB 0x000000069c000000| Untracked 
|  63|0x000000069c400000, 0x000000069c400000, 0x000000069c800000|  0%| F|  |TAMS 0x000000069c400000| PB 0x000000069c400000| Untracked 
|  64|0x000000069c800000, 0x000000069c800000, 0x000000069cc00000|  0%| F|  |TAMS 0x000000069c800000| PB 0x000000069c800000| Untracked 
|  65|0x000000069cc00000, 0x000000069cc00000, 0x000000069d000000|  0%| F|  |TAMS 0x000000069cc00000| PB 0x000000069cc00000| Untracked 
|  66|0x000000069d000000, 0x000000069d000000, 0x000000069d400000|  0%| F|  |TAMS 0x000000069d000000| PB 0x000000069d000000| Untracked 
|  67|0x000000069d400000, 0x000000069d800000, 0x000000069d800000|100%| O|  |TAMS 0x000000069d400000| PB 0x000000069d400000| Untracked 
|  68|0x000000069d800000, 0x000000069d800000, 0x000000069dc00000|  0%| F|  |TAMS 0x000000069d800000| PB 0x000000069d800000| Untracked 
|  69|0x000000069dc00000, 0x000000069e000000, 0x000000069e000000|100%| O|  |TAMS 0x000000069dc00000| PB 0x000000069dc00000| Untracked 
|  70|0x000000069e000000, 0x000000069e400000, 0x000000069e400000|100%| O|  |TAMS 0x000000069e000000| PB 0x000000069e000000| Untracked 
|  71|0x000000069e400000, 0x000000069e400000, 0x000000069e800000|  0%| F|  |TAMS 0x000000069e400000| PB 0x000000069e400000| Untracked 
|  72|0x000000069e800000, 0x000000069e800000, 0x000000069ec00000|  0%| F|  |TAMS 0x000000069e800000| PB 0x000000069e800000| Untracked 
|  73|0x000000069ec00000, 0x000000069ec00000, 0x000000069f000000|  0%| F|  |TAMS 0x000000069ec00000| PB 0x000000069ec00000| Untracked 
|  74|0x000000069f000000, 0x000000069f000000, 0x000000069f400000|  0%| F|  |TAMS 0x000000069f000000| PB 0x000000069f000000| Untracked 
|  75|0x000000069f400000, 0x000000069f400000, 0x000000069f800000|  0%| F|  |TAMS 0x000000069f400000| PB 0x000000069f400000| Untracked 
|  76|0x000000069f800000, 0x000000069fc00000, 0x000000069fc00000|100%| O|  |TAMS 0x000000069f800000| PB 0x000000069f800000| Untracked 
|  77|0x000000069fc00000, 0x000000069fc00000, 0x00000006a0000000|  0%| F|  |TAMS 0x000000069fc00000| PB 0x000000069fc00000| Untracked 
|  78|0x00000006a0000000, 0x00000006a0000000, 0x00000006a0400000|  0%| F|  |TAMS 0x00000006a0000000| PB 0x00000006a0000000| Untracked 
|  79|0x00000006a0400000, 0x00000006a0400000, 0x00000006a0800000|  0%| F|  |TAMS 0x00000006a0400000| PB 0x00000006a0400000| Untracked 
|  80|0x00000006a0800000, 0x00000006a0800000, 0x00000006a0c00000|  0%| F|  |TAMS 0x00000006a0800000| PB 0x00000006a0800000| Untracked 
|  81|0x00000006a0c00000, 0x00000006a0c00000, 0x00000006a1000000|  0%| F|  |TAMS 0x00000006a0c00000| PB 0x00000006a0c00000| Untracked 
|  82|0x00000006a1000000, 0x00000006a1000000, 0x00000006a1400000|  0%| F|  |TAMS 0x00000006a1000000| PB 0x00000006a1000000| Untracked 
|  83|0x00000006a1400000, 0x00000006a1400000, 0x00000006a1800000|  0%| F|  |TAMS 0x00000006a1400000| PB 0x00000006a1400000| Untracked 
|  84|0x00000006a1800000, 0x00000006a1800000, 0x00000006a1c00000|  0%| F|  |TAMS 0x00000006a1800000| PB 0x00000006a1800000| Untracked 
|  85|0x00000006a1c00000, 0x00000006a2000000, 0x00000006a2000000|100%| O|Cm|TAMS 0x00000006a1c00000| PB 0x00000006a1c00000| Complete 
|  86|0x00000006a2000000, 0x00000006a2400000, 0x00000006a2400000|100%| O|  |TAMS 0x00000006a2000000| PB 0x00000006a2000000| Untracked 
|  87|0x00000006a2400000, 0x00000006a2800000, 0x00000006a2800000|100%| O|Cm|TAMS 0x00000006a2400000| PB 0x00000006a2400000| Complete 
|  88|0x00000006a2800000, 0x00000006a2800000, 0x00000006a2c00000|  0%| F|  |TAMS 0x00000006a2800000| PB 0x00000006a2800000| Untracked 
|  89|0x00000006a2c00000, 0x00000006a2c00000, 0x00000006a3000000|  0%| F|  |TAMS 0x00000006a2c00000| PB 0x00000006a2c00000| Untracked 
|  90|0x00000006a3000000, 0x00000006a3000000, 0x00000006a3400000|  0%| F|  |TAMS 0x00000006a3000000| PB 0x00000006a3000000| Untracked 
|  91|0x00000006a3400000, 0x00000006a3800000, 0x00000006a3800000|100%| O|Cm|TAMS 0x00000006a3400000| PB 0x00000006a3400000| Complete 
|  92|0x00000006a3800000, 0x00000006a3c00000, 0x00000006a3c00000|100%| O|  |TAMS 0x00000006a3800000| PB 0x00000006a3800000| Untracked 
|  93|0x00000006a3c00000, 0x00000006a4000000, 0x00000006a4000000|100%| O|  |TAMS 0x00000006a3c00000| PB 0x00000006a3c00000| Untracked 
|  94|0x00000006a4000000, 0x00000006a4000000, 0x00000006a4400000|  0%| F|  |TAMS 0x00000006a4000000| PB 0x00000006a4000000| Untracked 
|  95|0x00000006a4400000, 0x00000006a4400000, 0x00000006a4800000|  0%| F|  |TAMS 0x00000006a4400000| PB 0x00000006a4400000| Untracked 
|  96|0x00000006a4800000, 0x00000006a4800000, 0x00000006a4c00000|  0%| F|  |TAMS 0x00000006a4800000| PB 0x00000006a4800000| Untracked 
|  97|0x00000006a4c00000, 0x00000006a4c00000, 0x00000006a5000000|  0%| F|  |TAMS 0x00000006a4c00000| PB 0x00000006a4c00000| Untracked 
|  98|0x00000006a5000000, 0x00000006a5400000, 0x00000006a5400000|100%| O|  |TAMS 0x00000006a5000000| PB 0x00000006a5000000| Untracked 
|  99|0x00000006a5400000, 0x00000006a5800000, 0x00000006a5800000|100%| O|  |TAMS 0x00000006a5400000| PB 0x00000006a5400000| Untracked 
| 100|0x00000006a5800000, 0x00000006a5800000, 0x00000006a5c00000|  0%| F|  |TAMS 0x00000006a5800000| PB 0x00000006a5800000| Untracked 
| 101|0x00000006a5c00000, 0x00000006a5c00000, 0x00000006a6000000|  0%| F|  |TAMS 0x00000006a5c00000| PB 0x00000006a5c00000| Untracked 
| 102|0x00000006a6000000, 0x00000006a6000000, 0x00000006a6400000|  0%| F|  |TAMS 0x00000006a6000000| PB 0x00000006a6000000| Untracked 
| 103|0x00000006a6400000, 0x00000006a6400000, 0x00000006a6800000|  0%| F|  |TAMS 0x00000006a6400000| PB 0x00000006a6400000| Untracked 
| 104|0x00000006a6800000, 0x00000006a6800000, 0x00000006a6c00000|  0%| F|  |TAMS 0x00000006a6800000| PB 0x00000006a6800000| Untracked 
| 105|0x00000006a6c00000, 0x00000006a6c00000, 0x00000006a7000000|  0%| F|  |TAMS 0x00000006a6c00000| PB 0x00000006a6c00000| Untracked 
| 106|0x00000006a7000000, 0x00000006a7000000, 0x00000006a7400000|  0%| F|  |TAMS 0x00000006a7000000| PB 0x00000006a7000000| Untracked 
| 107|0x00000006a7400000, 0x00000006a7400000, 0x00000006a7800000|  0%| F|  |TAMS 0x00000006a7400000| PB 0x00000006a7400000| Untracked 
| 108|0x00000006a7800000, 0x00000006a7800000, 0x00000006a7c00000|  0%| F|  |TAMS 0x00000006a7800000| PB 0x00000006a7800000| Untracked 
| 109|0x00000006a7c00000, 0x00000006a7c00000, 0x00000006a8000000|  0%| F|  |TAMS 0x00000006a7c00000| PB 0x00000006a7c00000| Untracked 
| 110|0x00000006a8000000, 0x00000006a8000000, 0x00000006a8400000|  0%| F|  |TAMS 0x00000006a8000000| PB 0x00000006a8000000| Untracked 
| 111|0x00000006a8400000, 0x00000006a8800000, 0x00000006a8800000|100%| O|  |TAMS 0x00000006a8400000| PB 0x00000006a8400000| Untracked 
| 112|0x00000006a8800000, 0x00000006a8c00000, 0x00000006a8c00000|100%| O|  |TAMS 0x00000006a8800000| PB 0x00000006a8800000| Untracked 
| 113|0x00000006a8c00000, 0x00000006a9000000, 0x00000006a9000000|100%| O|  |TAMS 0x00000006a8c00000| PB 0x00000006a8c00000| Untracked 
| 114|0x00000006a9000000, 0x00000006a9400000, 0x00000006a9400000|100%| O|  |TAMS 0x00000006a9000000| PB 0x00000006a9000000| Untracked 
| 115|0x00000006a9400000, 0x00000006a9400000, 0x00000006a9800000|  0%| F|  |TAMS 0x00000006a9400000| PB 0x00000006a9400000| Untracked 
| 116|0x00000006a9800000, 0x00000006a9800000, 0x00000006a9c00000|  0%| F|  |TAMS 0x00000006a9800000| PB 0x00000006a9800000| Untracked 
| 117|0x00000006a9c00000, 0x00000006a9c00000, 0x00000006aa000000|  0%| F|  |TAMS 0x00000006a9c00000| PB 0x00000006a9c00000| Untracked 
| 118|0x00000006aa000000, 0x00000006aa000000, 0x00000006aa400000|  0%| F|  |TAMS 0x00000006aa000000| PB 0x00000006aa000000| Untracked 
| 119|0x00000006aa400000, 0x00000006aa400000, 0x00000006aa800000|  0%| F|  |TAMS 0x00000006aa400000| PB 0x00000006aa400000| Untracked 
| 120|0x00000006aa800000, 0x00000006aac00000, 0x00000006aac00000|100%| O|  |TAMS 0x00000006aa800000| PB 0x00000006aa800000| Untracked 
| 121|0x00000006aac00000, 0x00000006ab000000, 0x00000006ab000000|100%| O|  |TAMS 0x00000006aac00000| PB 0x00000006aac00000| Untracked 
| 122|0x00000006ab000000, 0x00000006ab400000, 0x00000006ab400000|100%| O|  |TAMS 0x00000006ab000000| PB 0x00000006ab000000| Untracked 
| 123|0x00000006ab400000, 0x00000006ab800000, 0x00000006ab800000|100%| O|  |TAMS 0x00000006ab400000| PB 0x00000006ab400000| Untracked 
| 124|0x00000006ab800000, 0x00000006abc00000, 0x00000006abc00000|100%| O|  |TAMS 0x00000006ab800000| PB 0x00000006ab800000| Untracked 
| 125|0x00000006abc00000, 0x00000006abc00000, 0x00000006ac000000|  0%| F|  |TAMS 0x00000006abc00000| PB 0x00000006abc00000| Untracked 
| 126|0x00000006ac000000, 0x00000006ac400000, 0x00000006ac400000|100%| O|  |TAMS 0x00000006ac000000| PB 0x00000006ac000000| Untracked 
| 127|0x00000006ac400000, 0x00000006ac800000, 0x00000006ac800000|100%| O|Cm|TAMS 0x00000006ac400000| PB 0x00000006ac400000| Complete 
| 128|0x00000006ac800000, 0x00000006acc00000, 0x00000006acc00000|100%| O|Cm|TAMS 0x00000006ac800000| PB 0x00000006ac800000| Complete 
| 129|0x00000006acc00000, 0x00000006acc00000, 0x00000006ad000000|  0%| F|  |TAMS 0x00000006acc00000| PB 0x00000006acc00000| Untracked 
| 130|0x00000006ad000000, 0x00000006ad000000, 0x00000006ad400000|  0%| F|  |TAMS 0x00000006ad000000| PB 0x00000006ad000000| Untracked 
| 131|0x00000006ad400000, 0x00000006ad800000, 0x00000006ad800000|100%| O|  |TAMS 0x00000006ad400000| PB 0x00000006ad400000| Untracked 
| 132|0x00000006ad800000, 0x00000006ad800000, 0x00000006adc00000|  0%| F|  |TAMS 0x00000006ad800000| PB 0x00000006ad800000| Untracked 
| 133|0x00000006adc00000, 0x00000006adc00000, 0x00000006ae000000|  0%| F|  |TAMS 0x00000006adc00000| PB 0x00000006adc00000| Untracked 
| 134|0x00000006ae000000, 0x00000006ae000000, 0x00000006ae400000|  0%| F|  |TAMS 0x00000006ae000000| PB 0x00000006ae000000| Untracked 
| 135|0x00000006ae400000, 0x00000006ae400000, 0x00000006ae800000|  0%| F|  |TAMS 0x00000006ae400000| PB 0x00000006ae400000| Untracked 
| 136|0x00000006ae800000, 0x00000006ae800000, 0x00000006aec00000|  0%| F|  |TAMS 0x00000006ae800000| PB 0x00000006ae800000| Untracked 
| 137|0x00000006aec00000, 0x00000006af000000, 0x00000006af000000|100%| O|Cm|TAMS 0x00000006aec00000| PB 0x00000006aec00000| Complete 
| 138|0x00000006af000000, 0x00000006af000000, 0x00000006af400000|  0%| F|  |TAMS 0x00000006af000000| PB 0x00000006af000000| Untracked 
| 139|0x00000006af400000, 0x00000006af400000, 0x00000006af800000|  0%| F|  |TAMS 0x00000006af400000| PB 0x00000006af400000| Untracked 
| 140|0x00000006af800000, 0x00000006afc00000, 0x00000006afc00000|100%| O|  |TAMS 0x00000006af800000| PB 0x00000006af800000| Untracked 
| 141|0x00000006afc00000, 0x00000006b0000000, 0x00000006b0000000|100%| O|  |TAMS 0x00000006afc00000| PB 0x00000006afc00000| Untracked 
| 142|0x00000006b0000000, 0x00000006b0000000, 0x00000006b0400000|  0%| F|  |TAMS 0x00000006b0000000| PB 0x00000006b0000000| Untracked 
| 143|0x00000006b0400000, 0x00000006b0400000, 0x00000006b0800000|  0%| F|  |TAMS 0x00000006b0400000| PB 0x00000006b0400000| Untracked 
| 144|0x00000006b0800000, 0x00000006b0800000, 0x00000006b0c00000|  0%| F|  |TAMS 0x00000006b0800000| PB 0x00000006b0800000| Untracked 
| 145|0x00000006b0c00000, 0x00000006b0c00000, 0x00000006b1000000|  0%| F|  |TAMS 0x00000006b0c00000| PB 0x00000006b0c00000| Untracked 
| 146|0x00000006b1000000, 0x00000006b1000000, 0x00000006b1400000|  0%| F|  |TAMS 0x00000006b1000000| PB 0x00000006b1000000| Untracked 
| 147|0x00000006b1400000, 0x00000006b1400000, 0x00000006b1800000|  0%| F|  |TAMS 0x00000006b1400000| PB 0x00000006b1400000| Untracked 
| 148|0x00000006b1800000, 0x00000006b1800000, 0x00000006b1c00000|  0%| F|  |TAMS 0x00000006b1800000| PB 0x00000006b1800000| Untracked 
| 149|0x00000006b1c00000, 0x00000006b1c00000, 0x00000006b2000000|  0%| F|  |TAMS 0x00000006b1c00000| PB 0x00000006b1c00000| Untracked 
| 150|0x00000006b2000000, 0x00000006b2000000, 0x00000006b2400000|  0%| F|  |TAMS 0x00000006b2000000| PB 0x00000006b2000000| Untracked 
| 151|0x00000006b2400000, 0x00000006b2400000, 0x00000006b2800000|  0%| F|  |TAMS 0x00000006b2400000| PB 0x00000006b2400000| Untracked 
| 152|0x00000006b2800000, 0x00000006b2800000, 0x00000006b2c00000|  0%| F|  |TAMS 0x00000006b2800000| PB 0x00000006b2800000| Untracked 
| 153|0x00000006b2c00000, 0x00000006b2c00000, 0x00000006b3000000|  0%| F|  |TAMS 0x00000006b2c00000| PB 0x00000006b2c00000| Untracked 
| 154|0x00000006b3000000, 0x00000006b3000000, 0x00000006b3400000|  0%| F|  |TAMS 0x00000006b3000000| PB 0x00000006b3000000| Untracked 
| 155|0x00000006b3400000, 0x00000006b3400000, 0x00000006b3800000|  0%| F|  |TAMS 0x00000006b3400000| PB 0x00000006b3400000| Untracked 
| 156|0x00000006b3800000, 0x00000006b3800000, 0x00000006b3c00000|  0%| F|  |TAMS 0x00000006b3800000| PB 0x00000006b3800000| Untracked 
| 157|0x00000006b3c00000, 0x00000006b3c00000, 0x00000006b4000000|  0%| F|  |TAMS 0x00000006b3c00000| PB 0x00000006b3c00000| Untracked 
| 158|0x00000006b4000000, 0x00000006b4000000, 0x00000006b4400000|  0%| F|  |TAMS 0x00000006b4000000| PB 0x00000006b4000000| Untracked 
| 159|0x00000006b4400000, 0x00000006b4400000, 0x00000006b4800000|  0%| F|  |TAMS 0x00000006b4400000| PB 0x00000006b4400000| Untracked 
| 160|0x00000006b4800000, 0x00000006b4800000, 0x00000006b4c00000|  0%| F|  |TAMS 0x00000006b4800000| PB 0x00000006b4800000| Untracked 
| 161|0x00000006b4c00000, 0x00000006b4c00000, 0x00000006b5000000|  0%| F|  |TAMS 0x00000006b4c00000| PB 0x00000006b4c00000| Untracked 
| 162|0x00000006b5000000, 0x00000006b5000000, 0x00000006b5400000|  0%| F|  |TAMS 0x00000006b5000000| PB 0x00000006b5000000| Untracked 
| 163|0x00000006b5400000, 0x00000006b5400000, 0x00000006b5800000|  0%| F|  |TAMS 0x00000006b5400000| PB 0x00000006b5400000| Untracked 
| 164|0x00000006b5800000, 0x00000006b5800000, 0x00000006b5c00000|  0%| F|  |TAMS 0x00000006b5800000| PB 0x00000006b5800000| Untracked 
| 165|0x00000006b5c00000, 0x00000006b5c00000, 0x00000006b6000000|  0%| F|  |TAMS 0x00000006b5c00000| PB 0x00000006b5c00000| Untracked 
| 166|0x00000006b6000000, 0x00000006b6000000, 0x00000006b6400000|  0%| F|  |TAMS 0x00000006b6000000| PB 0x00000006b6000000| Untracked 
| 167|0x00000006b6400000, 0x00000006b6400000, 0x00000006b6800000|  0%| F|  |TAMS 0x00000006b6400000| PB 0x00000006b6400000| Untracked 
| 168|0x00000006b6800000, 0x00000006b6800000, 0x00000006b6c00000|  0%| F|  |TAMS 0x00000006b6800000| PB 0x00000006b6800000| Untracked 
| 169|0x00000006b6c00000, 0x00000006b6c00000, 0x00000006b7000000|  0%| F|  |TAMS 0x00000006b6c00000| PB 0x00000006b6c00000| Untracked 
| 170|0x00000006b7000000, 0x00000006b7000000, 0x00000006b7400000|  0%| F|  |TAMS 0x00000006b7000000| PB 0x00000006b7000000| Untracked 
| 171|0x00000006b7400000, 0x00000006b7400000, 0x00000006b7800000|  0%| F|  |TAMS 0x00000006b7400000| PB 0x00000006b7400000| Untracked 
| 172|0x00000006b7800000, 0x00000006b7800000, 0x00000006b7c00000|  0%| F|  |TAMS 0x00000006b7800000| PB 0x00000006b7800000| Untracked 
| 173|0x00000006b7c00000, 0x00000006b7c00000, 0x00000006b8000000|  0%| F|  |TAMS 0x00000006b7c00000| PB 0x00000006b7c00000| Untracked 
| 174|0x00000006b8000000, 0x00000006b8000000, 0x00000006b8400000|  0%| F|  |TAMS 0x00000006b8000000| PB 0x00000006b8000000| Untracked 
| 175|0x00000006b8400000, 0x00000006b8400000, 0x00000006b8800000|  0%| F|  |TAMS 0x00000006b8400000| PB 0x00000006b8400000| Untracked 
| 176|0x00000006b8800000, 0x00000006b8800000, 0x00000006b8c00000|  0%| F|  |TAMS 0x00000006b8800000| PB 0x00000006b8800000| Untracked 
| 177|0x00000006b8c00000, 0x00000006b8c00000, 0x00000006b9000000|  0%| F|  |TAMS 0x00000006b8c00000| PB 0x00000006b8c00000| Untracked 
| 178|0x00000006b9000000, 0x00000006b9000000, 0x00000006b9400000|  0%| F|  |TAMS 0x00000006b9000000| PB 0x00000006b9000000| Untracked 
| 179|0x00000006b9400000, 0x00000006b9400000, 0x00000006b9800000|  0%| F|  |TAMS 0x00000006b9400000| PB 0x00000006b9400000| Untracked 
| 180|0x00000006b9800000, 0x00000006b9800000, 0x00000006b9c00000|  0%| F|  |TAMS 0x00000006b9800000| PB 0x00000006b9800000| Untracked 
| 181|0x00000006b9c00000, 0x00000006b9c00000, 0x00000006ba000000|  0%| F|  |TAMS 0x00000006b9c00000| PB 0x00000006b9c00000| Untracked 
| 182|0x00000006ba000000, 0x00000006ba000000, 0x00000006ba400000|  0%| F|  |TAMS 0x00000006ba000000| PB 0x00000006ba000000| Untracked 
| 183|0x00000006ba400000, 0x00000006ba400000, 0x00000006ba800000|  0%| F|  |TAMS 0x00000006ba400000| PB 0x00000006ba400000| Untracked 
| 184|0x00000006ba800000, 0x00000006ba800000, 0x00000006bac00000|  0%| F|  |TAMS 0x00000006ba800000| PB 0x00000006ba800000| Untracked 
| 185|0x00000006bac00000, 0x00000006bac00000, 0x00000006bb000000|  0%| F|  |TAMS 0x00000006bac00000| PB 0x00000006bac00000| Untracked 
| 186|0x00000006bb000000, 0x00000006bb000000, 0x00000006bb400000|  0%| F|  |TAMS 0x00000006bb000000| PB 0x00000006bb000000| Untracked 
| 187|0x00000006bb400000, 0x00000006bb400000, 0x00000006bb800000|  0%| F|  |TAMS 0x00000006bb400000| PB 0x00000006bb400000| Untracked 
| 188|0x00000006bb800000, 0x00000006bb800000, 0x00000006bbc00000|  0%| F|  |TAMS 0x00000006bb800000| PB 0x00000006bb800000| Untracked 
| 189|0x00000006bbc00000, 0x00000006bbc00000, 0x00000006bc000000|  0%| F|  |TAMS 0x00000006bbc00000| PB 0x00000006bbc00000| Untracked 
| 190|0x00000006bc000000, 0x00000006bc000000, 0x00000006bc400000|  0%| F|  |TAMS 0x00000006bc000000| PB 0x00000006bc000000| Untracked 
| 191|0x00000006bc400000, 0x00000006bc400000, 0x00000006bc800000|  0%| F|  |TAMS 0x00000006bc400000| PB 0x00000006bc400000| Untracked 
| 192|0x00000006bc800000, 0x00000006bc800000, 0x00000006bcc00000|  0%| F|  |TAMS 0x00000006bc800000| PB 0x00000006bc800000| Untracked 
| 193|0x00000006bcc00000, 0x00000006bcc00000, 0x00000006bd000000|  0%| F|  |TAMS 0x00000006bcc00000| PB 0x00000006bcc00000| Untracked 
| 194|0x00000006bd000000, 0x00000006bd000000, 0x00000006bd400000|  0%| F|  |TAMS 0x00000006bd000000| PB 0x00000006bd000000| Untracked 
| 195|0x00000006bd400000, 0x00000006bd400000, 0x00000006bd800000|  0%| F|  |TAMS 0x00000006bd400000| PB 0x00000006bd400000| Untracked 
| 196|0x00000006bd800000, 0x00000006bd800000, 0x00000006bdc00000|  0%| F|  |TAMS 0x00000006bd800000| PB 0x00000006bd800000| Untracked 
| 197|0x00000006bdc00000, 0x00000006bdc00000, 0x00000006be000000|  0%| F|  |TAMS 0x00000006bdc00000| PB 0x00000006bdc00000| Untracked 
| 198|0x00000006be000000, 0x00000006be000000, 0x00000006be400000|  0%| F|  |TAMS 0x00000006be000000| PB 0x00000006be000000| Untracked 
| 199|0x00000006be400000, 0x00000006be400000, 0x00000006be800000|  0%| F|  |TAMS 0x00000006be400000| PB 0x00000006be400000| Untracked 
| 200|0x00000006be800000, 0x00000006be800000, 0x00000006bec00000|  0%| F|  |TAMS 0x00000006be800000| PB 0x00000006be800000| Untracked 
| 201|0x00000006bec00000, 0x00000006bec00000, 0x00000006bf000000|  0%| F|  |TAMS 0x00000006bec00000| PB 0x00000006bec00000| Untracked 
| 202|0x00000006bf000000, 0x00000006bf000000, 0x00000006bf400000|  0%| F|  |TAMS 0x00000006bf000000| PB 0x00000006bf000000| Untracked 
| 203|0x00000006bf400000, 0x00000006bf400000, 0x00000006bf800000|  0%| F|  |TAMS 0x00000006bf400000| PB 0x00000006bf400000| Untracked 
| 204|0x00000006bf800000, 0x00000006bf800000, 0x00000006bfc00000|  0%| F|  |TAMS 0x00000006bf800000| PB 0x00000006bf800000| Untracked 
| 205|0x00000006bfc00000, 0x00000006bfc00000, 0x00000006c0000000|  0%| F|  |TAMS 0x00000006bfc00000| PB 0x00000006bfc00000| Untracked 
| 206|0x00000006c0000000, 0x00000006c0000000, 0x00000006c0400000|  0%| F|  |TAMS 0x00000006c0000000| PB 0x00000006c0000000| Untracked 
| 207|0x00000006c0400000, 0x00000006c0400000, 0x00000006c0800000|  0%| F|  |TAMS 0x00000006c0400000| PB 0x00000006c0400000| Untracked 
| 208|0x00000006c0800000, 0x00000006c0800000, 0x00000006c0c00000|  0%| F|  |TAMS 0x00000006c0800000| PB 0x00000006c0800000| Untracked 
| 209|0x00000006c0c00000, 0x00000006c0c00000, 0x00000006c1000000|  0%| F|  |TAMS 0x00000006c0c00000| PB 0x00000006c0c00000| Untracked 
| 210|0x00000006c1000000, 0x00000006c1000000, 0x00000006c1400000|  0%| F|  |TAMS 0x00000006c1000000| PB 0x00000006c1000000| Untracked 
| 211|0x00000006c1400000, 0x00000006c1400000, 0x00000006c1800000|  0%| F|  |TAMS 0x00000006c1400000| PB 0x00000006c1400000| Untracked 
| 212|0x00000006c1800000, 0x00000006c1800000, 0x00000006c1c00000|  0%| F|  |TAMS 0x00000006c1800000| PB 0x00000006c1800000| Untracked 
| 213|0x00000006c1c00000, 0x00000006c1c00000, 0x00000006c2000000|  0%| F|  |TAMS 0x00000006c1c00000| PB 0x00000006c1c00000| Untracked 
| 214|0x00000006c2000000, 0x00000006c2000000, 0x00000006c2400000|  0%| F|  |TAMS 0x00000006c2000000| PB 0x00000006c2000000| Untracked 
| 215|0x00000006c2400000, 0x00000006c2400000, 0x00000006c2800000|  0%| F|  |TAMS 0x00000006c2400000| PB 0x00000006c2400000| Untracked 
| 216|0x00000006c2800000, 0x00000006c2800000, 0x00000006c2c00000|  0%| F|  |TAMS 0x00000006c2800000| PB 0x00000006c2800000| Untracked 
| 217|0x00000006c2c00000, 0x00000006c2c00000, 0x00000006c3000000|  0%| F|  |TAMS 0x00000006c2c00000| PB 0x00000006c2c00000| Untracked 
| 218|0x00000006c3000000, 0x00000006c3000000, 0x00000006c3400000|  0%| F|  |TAMS 0x00000006c3000000| PB 0x00000006c3000000| Untracked 
| 219|0x00000006c3400000, 0x00000006c3400000, 0x00000006c3800000|  0%| F|  |TAMS 0x00000006c3400000| PB 0x00000006c3400000| Untracked 
| 220|0x00000006c3800000, 0x00000006c3800000, 0x00000006c3c00000|  0%| F|  |TAMS 0x00000006c3800000| PB 0x00000006c3800000| Untracked 
| 221|0x00000006c3c00000, 0x00000006c3c00000, 0x00000006c4000000|  0%| F|  |TAMS 0x00000006c3c00000| PB 0x00000006c3c00000| Untracked 
| 222|0x00000006c4000000, 0x00000006c4000000, 0x00000006c4400000|  0%| F|  |TAMS 0x00000006c4000000| PB 0x00000006c4000000| Untracked 
| 223|0x00000006c4400000, 0x00000006c4400000, 0x00000006c4800000|  0%| F|  |TAMS 0x00000006c4400000| PB 0x00000006c4400000| Untracked 
| 224|0x00000006c4800000, 0x00000006c4800000, 0x00000006c4c00000|  0%| F|  |TAMS 0x00000006c4800000| PB 0x00000006c4800000| Untracked 
| 225|0x00000006c4c00000, 0x00000006c4c00000, 0x00000006c5000000|  0%| F|  |TAMS 0x00000006c4c00000| PB 0x00000006c4c00000| Untracked 
| 226|0x00000006c5000000, 0x00000006c5000000, 0x00000006c5400000|  0%| F|  |TAMS 0x00000006c5000000| PB 0x00000006c5000000| Untracked 
| 227|0x00000006c5400000, 0x00000006c5400000, 0x00000006c5800000|  0%| F|  |TAMS 0x00000006c5400000| PB 0x00000006c5400000| Untracked 
| 228|0x00000006c5800000, 0x00000006c5800000, 0x00000006c5c00000|  0%| F|  |TAMS 0x00000006c5800000| PB 0x00000006c5800000| Untracked 
| 229|0x00000006c5c00000, 0x00000006c5c00000, 0x00000006c6000000|  0%| F|  |TAMS 0x00000006c5c00000| PB 0x00000006c5c00000| Untracked 
| 230|0x00000006c6000000, 0x00000006c62635a0, 0x00000006c6400000| 59%| S|CS|TAMS 0x00000006c6000000| PB 0x00000006c6000000| Complete 
| 231|0x00000006c6400000, 0x00000006c6800000, 0x00000006c6800000|100%| S|CS|TAMS 0x00000006c6400000| PB 0x00000006c6400000| Complete 
| 232|0x00000006c6800000, 0x00000006c6800000, 0x00000006c6c00000|  0%| F|  |TAMS 0x00000006c6800000| PB 0x00000006c6800000| Untracked 
| 233|0x00000006c6c00000, 0x00000006c6c00000, 0x00000006c7000000|  0%| F|  |TAMS 0x00000006c6c00000| PB 0x00000006c6c00000| Untracked 
| 234|0x00000006c7000000, 0x00000006c7000000, 0x00000006c7400000|  0%| F|  |TAMS 0x00000006c7000000| PB 0x00000006c7000000| Untracked 
| 235|0x00000006c7400000, 0x00000006c7400000, 0x00000006c7800000|  0%| F|  |TAMS 0x00000006c7400000| PB 0x00000006c7400000| Untracked 
| 236|0x00000006c7800000, 0x00000006c7800000, 0x00000006c7c00000|  0%| F|  |TAMS 0x00000006c7800000| PB 0x00000006c7800000| Untracked 
| 237|0x00000006c7c00000, 0x00000006c7c00000, 0x00000006c8000000|  0%| F|  |TAMS 0x00000006c7c00000| PB 0x00000006c7c00000| Untracked 
| 238|0x00000006c8000000, 0x00000006c8000000, 0x00000006c8400000|  0%| F|  |TAMS 0x00000006c8000000| PB 0x00000006c8000000| Untracked 
| 239|0x00000006c8400000, 0x00000006c8400000, 0x00000006c8800000|  0%| F|  |TAMS 0x00000006c8400000| PB 0x00000006c8400000| Untracked 
| 240|0x00000006c8800000, 0x00000006c8800000, 0x00000006c8c00000|  0%| F|  |TAMS 0x00000006c8800000| PB 0x00000006c8800000| Untracked 
| 241|0x00000006c8c00000, 0x00000006c8c00000, 0x00000006c9000000|  0%| F|  |TAMS 0x00000006c8c00000| PB 0x00000006c8c00000| Untracked 
| 242|0x00000006c9000000, 0x00000006c9000000, 0x00000006c9400000|  0%| F|  |TAMS 0x00000006c9000000| PB 0x00000006c9000000| Untracked 
| 243|0x00000006c9400000, 0x00000006c9400000, 0x00000006c9800000|  0%| F|  |TAMS 0x00000006c9400000| PB 0x00000006c9400000| Untracked 
| 244|0x00000006c9800000, 0x00000006c9800000, 0x00000006c9c00000|  0%| F|  |TAMS 0x00000006c9800000| PB 0x00000006c9800000| Untracked 
| 245|0x00000006c9c00000, 0x00000006c9c00000, 0x00000006ca000000|  0%| F|  |TAMS 0x00000006c9c00000| PB 0x00000006c9c00000| Untracked 
| 246|0x00000006ca000000, 0x00000006ca000000, 0x00000006ca400000|  0%| F|  |TAMS 0x00000006ca000000| PB 0x00000006ca000000| Untracked 
| 247|0x00000006ca400000, 0x00000006ca400000, 0x00000006ca800000|  0%| F|  |TAMS 0x00000006ca400000| PB 0x00000006ca400000| Untracked 
| 248|0x00000006ca800000, 0x00000006ca800000, 0x00000006cac00000|  0%| F|  |TAMS 0x00000006ca800000| PB 0x00000006ca800000| Untracked 
| 249|0x00000006cac00000, 0x00000006cac00000, 0x00000006cb000000|  0%| F|  |TAMS 0x00000006cac00000| PB 0x00000006cac00000| Untracked 
| 250|0x00000006cb000000, 0x00000006cb000000, 0x00000006cb400000|  0%| F|  |TAMS 0x00000006cb000000| PB 0x00000006cb000000| Untracked 
| 251|0x00000006cb400000, 0x00000006cb400000, 0x00000006cb800000|  0%| F|  |TAMS 0x00000006cb400000| PB 0x00000006cb400000| Untracked 
| 252|0x00000006cb800000, 0x00000006cb800000, 0x00000006cbc00000|  0%| F|  |TAMS 0x00000006cb800000| PB 0x00000006cb800000| Untracked 
| 253|0x00000006cbc00000, 0x00000006cbc00000, 0x00000006cc000000|  0%| F|  |TAMS 0x00000006cbc00000| PB 0x00000006cbc00000| Untracked 
| 254|0x00000006cc000000, 0x00000006cc000000, 0x00000006cc400000|  0%| F|  |TAMS 0x00000006cc000000| PB 0x00000006cc000000| Untracked 
| 255|0x00000006cc400000, 0x00000006cc400000, 0x00000006cc800000|  0%| F|  |TAMS 0x00000006cc400000| PB 0x00000006cc400000| Untracked 
| 256|0x00000006cc800000, 0x00000006cc800000, 0x00000006ccc00000|  0%| F|  |TAMS 0x00000006cc800000| PB 0x00000006cc800000| Untracked 
| 257|0x00000006ccc00000, 0x00000006ccc00000, 0x00000006cd000000|  0%| F|  |TAMS 0x00000006ccc00000| PB 0x00000006ccc00000| Untracked 
| 258|0x00000006cd000000, 0x00000006cd000000, 0x00000006cd400000|  0%| F|  |TAMS 0x00000006cd000000| PB 0x00000006cd000000| Untracked 
| 259|0x00000006cd400000, 0x00000006cd400000, 0x00000006cd800000|  0%| F|  |TAMS 0x00000006cd400000| PB 0x00000006cd400000| Untracked 
| 260|0x00000006cd800000, 0x00000006cd800000, 0x00000006cdc00000|  0%| F|  |TAMS 0x00000006cd800000| PB 0x00000006cd800000| Untracked 
| 261|0x00000006cdc00000, 0x00000006cdc00000, 0x00000006ce000000|  0%| F|  |TAMS 0x00000006cdc00000| PB 0x00000006cdc00000| Untracked 
| 262|0x00000006ce000000, 0x00000006ce000000, 0x00000006ce400000|  0%| F|  |TAMS 0x00000006ce000000| PB 0x00000006ce000000| Untracked 
| 263|0x00000006ce400000, 0x00000006ce400000, 0x00000006ce800000|  0%| F|  |TAMS 0x00000006ce400000| PB 0x00000006ce400000| Untracked 
| 264|0x00000006ce800000, 0x00000006ce800000, 0x00000006cec00000|  0%| F|  |TAMS 0x00000006ce800000| PB 0x00000006ce800000| Untracked 
| 265|0x00000006cec00000, 0x00000006cec00000, 0x00000006cf000000|  0%| F|  |TAMS 0x00000006cec00000| PB 0x00000006cec00000| Untracked 
| 266|0x00000006cf000000, 0x00000006cf000000, 0x00000006cf400000|  0%| F|  |TAMS 0x00000006cf000000| PB 0x00000006cf000000| Untracked 
| 267|0x00000006cf400000, 0x00000006cf400000, 0x00000006cf800000|  0%| F|  |TAMS 0x00000006cf400000| PB 0x00000006cf400000| Untracked 
| 268|0x00000006cf800000, 0x00000006cf800000, 0x00000006cfc00000|  0%| F|  |TAMS 0x00000006cf800000| PB 0x00000006cf800000| Untracked 
| 269|0x00000006cfc00000, 0x00000006cfc00000, 0x00000006d0000000|  0%| F|  |TAMS 0x00000006cfc00000| PB 0x00000006cfc00000| Untracked 
| 270|0x00000006d0000000, 0x00000006d0000000, 0x00000006d0400000|  0%| F|  |TAMS 0x00000006d0000000| PB 0x00000006d0000000| Untracked 
| 271|0x00000006d0400000, 0x00000006d0400000, 0x00000006d0800000|  0%| F|  |TAMS 0x00000006d0400000| PB 0x00000006d0400000| Untracked 
| 272|0x00000006d0800000, 0x00000006d0800000, 0x00000006d0c00000|  0%| F|  |TAMS 0x00000006d0800000| PB 0x00000006d0800000| Untracked 
| 273|0x00000006d0c00000, 0x00000006d0c00000, 0x00000006d1000000|  0%| F|  |TAMS 0x00000006d0c00000| PB 0x00000006d0c00000| Untracked 
| 274|0x00000006d1000000, 0x00000006d1000000, 0x00000006d1400000|  0%| F|  |TAMS 0x00000006d1000000| PB 0x00000006d1000000| Untracked 
| 275|0x00000006d1400000, 0x00000006d1400000, 0x00000006d1800000|  0%| F|  |TAMS 0x00000006d1400000| PB 0x00000006d1400000| Untracked 
| 276|0x00000006d1800000, 0x00000006d1800000, 0x00000006d1c00000|  0%| F|  |TAMS 0x00000006d1800000| PB 0x00000006d1800000| Untracked 
| 277|0x00000006d1c00000, 0x00000006d1c00000, 0x00000006d2000000|  0%| F|  |TAMS 0x00000006d1c00000| PB 0x00000006d1c00000| Untracked 
| 278|0x00000006d2000000, 0x00000006d2000000, 0x00000006d2400000|  0%| F|  |TAMS 0x00000006d2000000| PB 0x00000006d2000000| Untracked 
| 279|0x00000006d2400000, 0x00000006d2400000, 0x00000006d2800000|  0%| F|  |TAMS 0x00000006d2400000| PB 0x00000006d2400000| Untracked 
| 280|0x00000006d2800000, 0x00000006d2800000, 0x00000006d2c00000|  0%| F|  |TAMS 0x00000006d2800000| PB 0x00000006d2800000| Untracked 
| 281|0x00000006d2c00000, 0x00000006d2c00000, 0x00000006d3000000|  0%| F|  |TAMS 0x00000006d2c00000| PB 0x00000006d2c00000| Untracked 
| 282|0x00000006d3000000, 0x00000006d3000000, 0x00000006d3400000|  0%| F|  |TAMS 0x00000006d3000000| PB 0x00000006d3000000| Untracked 
| 283|0x00000006d3400000, 0x00000006d3400000, 0x00000006d3800000|  0%| F|  |TAMS 0x00000006d3400000| PB 0x00000006d3400000| Untracked 
| 284|0x00000006d3800000, 0x00000006d3800000, 0x00000006d3c00000|  0%| F|  |TAMS 0x00000006d3800000| PB 0x00000006d3800000| Untracked 
| 285|0x00000006d3c00000, 0x00000006d3c00000, 0x00000006d4000000|  0%| F|  |TAMS 0x00000006d3c00000| PB 0x00000006d3c00000| Untracked 
| 286|0x00000006d4000000, 0x00000006d4000000, 0x00000006d4400000|  0%| F|  |TAMS 0x00000006d4000000| PB 0x00000006d4000000| Untracked 
| 287|0x00000006d4400000, 0x00000006d4400000, 0x00000006d4800000|  0%| F|  |TAMS 0x00000006d4400000| PB 0x00000006d4400000| Untracked 
| 288|0x00000006d4800000, 0x00000006d4800000, 0x00000006d4c00000|  0%| F|  |TAMS 0x00000006d4800000| PB 0x00000006d4800000| Untracked 
| 289|0x00000006d4c00000, 0x00000006d4c00000, 0x00000006d5000000|  0%| F|  |TAMS 0x00000006d4c00000| PB 0x00000006d4c00000| Untracked 
| 290|0x00000006d5000000, 0x00000006d5000000, 0x00000006d5400000|  0%| F|  |TAMS 0x00000006d5000000| PB 0x00000006d5000000| Untracked 
| 291|0x00000006d5400000, 0x00000006d5400000, 0x00000006d5800000|  0%| F|  |TAMS 0x00000006d5400000| PB 0x00000006d5400000| Untracked 
| 292|0x00000006d5800000, 0x00000006d5800000, 0x00000006d5c00000|  0%| F|  |TAMS 0x00000006d5800000| PB 0x00000006d5800000| Untracked 
| 293|0x00000006d5c00000, 0x00000006d5c00000, 0x00000006d6000000|  0%| F|  |TAMS 0x00000006d5c00000| PB 0x00000006d5c00000| Untracked 
| 294|0x00000006d6000000, 0x00000006d6000000, 0x00000006d6400000|  0%| F|  |TAMS 0x00000006d6000000| PB 0x00000006d6000000| Untracked 
| 295|0x00000006d6400000, 0x00000006d6400000, 0x00000006d6800000|  0%| F|  |TAMS 0x00000006d6400000| PB 0x00000006d6400000| Untracked 
| 296|0x00000006d6800000, 0x00000006d6800000, 0x00000006d6c00000|  0%| F|  |TAMS 0x00000006d6800000| PB 0x00000006d6800000| Untracked 
| 297|0x00000006d6c00000, 0x00000006d6c00000, 0x00000006d7000000|  0%| F|  |TAMS 0x00000006d6c00000| PB 0x00000006d6c00000| Untracked 
| 298|0x00000006d7000000, 0x00000006d7000000, 0x00000006d7400000|  0%| F|  |TAMS 0x00000006d7000000| PB 0x00000006d7000000| Untracked 
| 299|0x00000006d7400000, 0x00000006d7400000, 0x00000006d7800000|  0%| F|  |TAMS 0x00000006d7400000| PB 0x00000006d7400000| Untracked 
| 300|0x00000006d7800000, 0x00000006d7800000, 0x00000006d7c00000|  0%| F|  |TAMS 0x00000006d7800000| PB 0x00000006d7800000| Untracked 
| 301|0x00000006d7c00000, 0x00000006d7c00000, 0x00000006d8000000|  0%| F|  |TAMS 0x00000006d7c00000| PB 0x00000006d7c00000| Untracked 
| 302|0x00000006d8000000, 0x00000006d8000000, 0x00000006d8400000|  0%| F|  |TAMS 0x00000006d8000000| PB 0x00000006d8000000| Untracked 
| 303|0x00000006d8400000, 0x00000006d8400000, 0x00000006d8800000|  0%| F|  |TAMS 0x00000006d8400000| PB 0x00000006d8400000| Untracked 
| 304|0x00000006d8800000, 0x00000006d8800000, 0x00000006d8c00000|  0%| F|  |TAMS 0x00000006d8800000| PB 0x00000006d8800000| Untracked 
| 305|0x00000006d8c00000, 0x00000006d8c00000, 0x00000006d9000000|  0%| F|  |TAMS 0x00000006d8c00000| PB 0x00000006d8c00000| Untracked 
| 306|0x00000006d9000000, 0x00000006d9000000, 0x00000006d9400000|  0%| F|  |TAMS 0x00000006d9000000| PB 0x00000006d9000000| Untracked 
| 307|0x00000006d9400000, 0x00000006d9400000, 0x00000006d9800000|  0%| F|  |TAMS 0x00000006d9400000| PB 0x00000006d9400000| Untracked 
| 308|0x00000006d9800000, 0x00000006d9800000, 0x00000006d9c00000|  0%| F|  |TAMS 0x00000006d9800000| PB 0x00000006d9800000| Untracked 
| 309|0x00000006d9c00000, 0x00000006d9c00000, 0x00000006da000000|  0%| F|  |TAMS 0x00000006d9c00000| PB 0x00000006d9c00000| Untracked 
| 310|0x00000006da000000, 0x00000006da000000, 0x00000006da400000|  0%| F|  |TAMS 0x00000006da000000| PB 0x00000006da000000| Untracked 
| 311|0x00000006da400000, 0x00000006da400000, 0x00000006da800000|  0%| F|  |TAMS 0x00000006da400000| PB 0x00000006da400000| Untracked 
| 312|0x00000006da800000, 0x00000006da800000, 0x00000006dac00000|  0%| F|  |TAMS 0x00000006da800000| PB 0x00000006da800000| Untracked 
| 313|0x00000006dac00000, 0x00000006dac00000, 0x00000006db000000|  0%| F|  |TAMS 0x00000006dac00000| PB 0x00000006dac00000| Untracked 
| 314|0x00000006db000000, 0x00000006db000000, 0x00000006db400000|  0%| F|  |TAMS 0x00000006db000000| PB 0x00000006db000000| Untracked 
| 315|0x00000006db400000, 0x00000006db400000, 0x00000006db800000|  0%| F|  |TAMS 0x00000006db400000| PB 0x00000006db400000| Untracked 
| 316|0x00000006db800000, 0x00000006db800000, 0x00000006dbc00000|  0%| F|  |TAMS 0x00000006db800000| PB 0x00000006db800000| Untracked 
| 317|0x00000006dbc00000, 0x00000006dbc00000, 0x00000006dc000000|  0%| F|  |TAMS 0x00000006dbc00000| PB 0x00000006dbc00000| Untracked 
| 318|0x00000006dc000000, 0x00000006dc000000, 0x00000006dc400000|  0%| F|  |TAMS 0x00000006dc000000| PB 0x00000006dc000000| Untracked 
| 319|0x00000006dc400000, 0x00000006dc400000, 0x00000006dc800000|  0%| F|  |TAMS 0x00000006dc400000| PB 0x00000006dc400000| Untracked 
| 320|0x00000006dc800000, 0x00000006dc800000, 0x00000006dcc00000|  0%| F|  |TAMS 0x00000006dc800000| PB 0x00000006dc800000| Untracked 
| 321|0x00000006dcc00000, 0x00000006dcc00000, 0x00000006dd000000|  0%| F|  |TAMS 0x00000006dcc00000| PB 0x00000006dcc00000| Untracked 
| 322|0x00000006dd000000, 0x00000006dd000000, 0x00000006dd400000|  0%| F|  |TAMS 0x00000006dd000000| PB 0x00000006dd000000| Untracked 
| 323|0x00000006dd400000, 0x00000006dd400000, 0x00000006dd800000|  0%| F|  |TAMS 0x00000006dd400000| PB 0x00000006dd400000| Untracked 
| 324|0x00000006dd800000, 0x00000006dd800000, 0x00000006ddc00000|  0%| F|  |TAMS 0x00000006dd800000| PB 0x00000006dd800000| Untracked 
| 325|0x00000006ddc00000, 0x00000006ddc00000, 0x00000006de000000|  0%| F|  |TAMS 0x00000006ddc00000| PB 0x00000006ddc00000| Untracked 
| 326|0x00000006de000000, 0x00000006de000000, 0x00000006de400000|  0%| F|  |TAMS 0x00000006de000000| PB 0x00000006de000000| Untracked 
| 327|0x00000006de400000, 0x00000006de400000, 0x00000006de800000|  0%| F|  |TAMS 0x00000006de400000| PB 0x00000006de400000| Untracked 
| 328|0x00000006de800000, 0x00000006de800000, 0x00000006dec00000|  0%| F|  |TAMS 0x00000006de800000| PB 0x00000006de800000| Untracked 
| 329|0x00000006dec00000, 0x00000006dec00000, 0x00000006df000000|  0%| F|  |TAMS 0x00000006dec00000| PB 0x00000006dec00000| Untracked 
| 330|0x00000006df000000, 0x00000006df000000, 0x00000006df400000|  0%| F|  |TAMS 0x00000006df000000| PB 0x00000006df000000| Untracked 
| 331|0x00000006df400000, 0x00000006df400000, 0x00000006df800000|  0%| F|  |TAMS 0x00000006df400000| PB 0x00000006df400000| Untracked 
| 332|0x00000006df800000, 0x00000006df800000, 0x00000006dfc00000|  0%| F|  |TAMS 0x00000006df800000| PB 0x00000006df800000| Untracked 
| 333|0x00000006dfc00000, 0x00000006dfc00000, 0x00000006e0000000|  0%| F|  |TAMS 0x00000006dfc00000| PB 0x00000006dfc00000| Untracked 
| 334|0x00000006e0000000, 0x00000006e0000000, 0x00000006e0400000|  0%| F|  |TAMS 0x00000006e0000000| PB 0x00000006e0000000| Untracked 
| 335|0x00000006e0400000, 0x00000006e0400000, 0x00000006e0800000|  0%| F|  |TAMS 0x00000006e0400000| PB 0x00000006e0400000| Untracked 
| 336|0x00000006e0800000, 0x00000006e0800000, 0x00000006e0c00000|  0%| F|  |TAMS 0x00000006e0800000| PB 0x00000006e0800000| Untracked 
| 337|0x00000006e0c00000, 0x00000006e0c00000, 0x00000006e1000000|  0%| F|  |TAMS 0x00000006e0c00000| PB 0x00000006e0c00000| Untracked 
| 338|0x00000006e1000000, 0x00000006e1000000, 0x00000006e1400000|  0%| F|  |TAMS 0x00000006e1000000| PB 0x00000006e1000000| Untracked 
| 339|0x00000006e1400000, 0x00000006e1400000, 0x00000006e1800000|  0%| F|  |TAMS 0x00000006e1400000| PB 0x00000006e1400000| Untracked 
| 340|0x00000006e1800000, 0x00000006e1800000, 0x00000006e1c00000|  0%| F|  |TAMS 0x00000006e1800000| PB 0x00000006e1800000| Untracked 
| 341|0x00000006e1c00000, 0x00000006e1c00000, 0x00000006e2000000|  0%| F|  |TAMS 0x00000006e1c00000| PB 0x00000006e1c00000| Untracked 
| 342|0x00000006e2000000, 0x00000006e2000000, 0x00000006e2400000|  0%| F|  |TAMS 0x00000006e2000000| PB 0x00000006e2000000| Untracked 
| 343|0x00000006e2400000, 0x00000006e2400000, 0x00000006e2800000|  0%| F|  |TAMS 0x00000006e2400000| PB 0x00000006e2400000| Untracked 
| 344|0x00000006e2800000, 0x00000006e2800000, 0x00000006e2c00000|  0%| F|  |TAMS 0x00000006e2800000| PB 0x00000006e2800000| Untracked 
| 345|0x00000006e2c00000, 0x00000006e2c00000, 0x00000006e3000000|  0%| F|  |TAMS 0x00000006e2c00000| PB 0x00000006e2c00000| Untracked 
| 346|0x00000006e3000000, 0x00000006e3000000, 0x00000006e3400000|  0%| F|  |TAMS 0x00000006e3000000| PB 0x00000006e3000000| Untracked 
| 347|0x00000006e3400000, 0x00000006e3400000, 0x00000006e3800000|  0%| F|  |TAMS 0x00000006e3400000| PB 0x00000006e3400000| Untracked 
| 348|0x00000006e3800000, 0x00000006e3800000, 0x00000006e3c00000|  0%| F|  |TAMS 0x00000006e3800000| PB 0x00000006e3800000| Untracked 
| 349|0x00000006e3c00000, 0x00000006e3c00000, 0x00000006e4000000|  0%| F|  |TAMS 0x00000006e3c00000| PB 0x00000006e3c00000| Untracked 
| 350|0x00000006e4000000, 0x00000006e4000000, 0x00000006e4400000|  0%| F|  |TAMS 0x00000006e4000000| PB 0x00000006e4000000| Untracked 
| 351|0x00000006e4400000, 0x00000006e4400000, 0x00000006e4800000|  0%| F|  |TAMS 0x00000006e4400000| PB 0x00000006e4400000| Untracked 
| 352|0x00000006e4800000, 0x00000006e4800000, 0x00000006e4c00000|  0%| F|  |TAMS 0x00000006e4800000| PB 0x00000006e4800000| Untracked 
| 353|0x00000006e4c00000, 0x00000006e4c00000, 0x00000006e5000000|  0%| F|  |TAMS 0x00000006e4c00000| PB 0x00000006e4c00000| Untracked 
| 354|0x00000006e5000000, 0x00000006e5000000, 0x00000006e5400000|  0%| F|  |TAMS 0x00000006e5000000| PB 0x00000006e5000000| Untracked 
| 355|0x00000006e5400000, 0x00000006e5400000, 0x00000006e5800000|  0%| F|  |TAMS 0x00000006e5400000| PB 0x00000006e5400000| Untracked 
| 356|0x00000006e5800000, 0x00000006e5800000, 0x00000006e5c00000|  0%| F|  |TAMS 0x00000006e5800000| PB 0x00000006e5800000| Untracked 
| 357|0x00000006e5c00000, 0x00000006e5c00000, 0x00000006e6000000|  0%| F|  |TAMS 0x00000006e5c00000| PB 0x00000006e5c00000| Untracked 
| 358|0x00000006e6000000, 0x00000006e6000000, 0x00000006e6400000|  0%| F|  |TAMS 0x00000006e6000000| PB 0x00000006e6000000| Untracked 
| 359|0x00000006e6400000, 0x00000006e6400000, 0x00000006e6800000|  0%| F|  |TAMS 0x00000006e6400000| PB 0x00000006e6400000| Untracked 
| 360|0x00000006e6800000, 0x00000006e6800000, 0x00000006e6c00000|  0%| F|  |TAMS 0x00000006e6800000| PB 0x00000006e6800000| Untracked 
| 361|0x00000006e6c00000, 0x00000006e6c00000, 0x00000006e7000000|  0%| F|  |TAMS 0x00000006e6c00000| PB 0x00000006e6c00000| Untracked 
| 362|0x00000006e7000000, 0x00000006e7000000, 0x00000006e7400000|  0%| F|  |TAMS 0x00000006e7000000| PB 0x00000006e7000000| Untracked 
| 363|0x00000006e7400000, 0x00000006e7400000, 0x00000006e7800000|  0%| F|  |TAMS 0x00000006e7400000| PB 0x00000006e7400000| Untracked 
| 364|0x00000006e7800000, 0x00000006e7800000, 0x00000006e7c00000|  0%| F|  |TAMS 0x00000006e7800000| PB 0x00000006e7800000| Untracked 
| 365|0x00000006e7c00000, 0x00000006e7c00000, 0x00000006e8000000|  0%| F|  |TAMS 0x00000006e7c00000| PB 0x00000006e7c00000| Untracked 
| 366|0x00000006e8000000, 0x00000006e8000000, 0x00000006e8400000|  0%| F|  |TAMS 0x00000006e8000000| PB 0x00000006e8000000| Untracked 
| 367|0x00000006e8400000, 0x00000006e8400000, 0x00000006e8800000|  0%| F|  |TAMS 0x00000006e8400000| PB 0x00000006e8400000| Untracked 
| 368|0x00000006e8800000, 0x00000006e8800000, 0x00000006e8c00000|  0%| F|  |TAMS 0x00000006e8800000| PB 0x00000006e8800000| Untracked 
| 369|0x00000006e8c00000, 0x00000006e8c00000, 0x00000006e9000000|  0%| F|  |TAMS 0x00000006e8c00000| PB 0x00000006e8c00000| Untracked 
| 370|0x00000006e9000000, 0x00000006e9000000, 0x00000006e9400000|  0%| F|  |TAMS 0x00000006e9000000| PB 0x00000006e9000000| Untracked 
| 371|0x00000006e9400000, 0x00000006e9400000, 0x00000006e9800000|  0%| F|  |TAMS 0x00000006e9400000| PB 0x00000006e9400000| Untracked 
| 372|0x00000006e9800000, 0x00000006e9800000, 0x00000006e9c00000|  0%| F|  |TAMS 0x00000006e9800000| PB 0x00000006e9800000| Untracked 
| 373|0x00000006e9c00000, 0x00000006e9c00000, 0x00000006ea000000|  0%| F|  |TAMS 0x00000006e9c00000| PB 0x00000006e9c00000| Untracked 
| 374|0x00000006ea000000, 0x00000006ea000000, 0x00000006ea400000|  0%| F|  |TAMS 0x00000006ea000000| PB 0x00000006ea000000| Untracked 
| 375|0x00000006ea400000, 0x00000006ea400000, 0x00000006ea800000|  0%| F|  |TAMS 0x00000006ea400000| PB 0x00000006ea400000| Untracked 
| 376|0x00000006ea800000, 0x00000006ea800000, 0x00000006eac00000|  0%| F|  |TAMS 0x00000006ea800000| PB 0x00000006ea800000| Untracked 
| 377|0x00000006eac00000, 0x00000006eac00000, 0x00000006eb000000|  0%| F|  |TAMS 0x00000006eac00000| PB 0x00000006eac00000| Untracked 
| 378|0x00000006eb000000, 0x00000006eb000000, 0x00000006eb400000|  0%| F|  |TAMS 0x00000006eb000000| PB 0x00000006eb000000| Untracked 
| 379|0x00000006eb400000, 0x00000006eb400000, 0x00000006eb800000|  0%| F|  |TAMS 0x00000006eb400000| PB 0x00000006eb400000| Untracked 
| 380|0x00000006eb800000, 0x00000006eb800000, 0x00000006ebc00000|  0%| F|  |TAMS 0x00000006eb800000| PB 0x00000006eb800000| Untracked 
| 381|0x00000006ebc00000, 0x00000006ebc00000, 0x00000006ec000000|  0%| F|  |TAMS 0x00000006ebc00000| PB 0x00000006ebc00000| Untracked 
| 382|0x00000006ec000000, 0x00000006ec000000, 0x00000006ec400000|  0%| F|  |TAMS 0x00000006ec000000| PB 0x00000006ec000000| Untracked 
| 383|0x00000006ec400000, 0x00000006ec400000, 0x00000006ec800000|  0%| F|  |TAMS 0x00000006ec400000| PB 0x00000006ec400000| Untracked 
| 384|0x00000006ec800000, 0x00000006ec800000, 0x00000006ecc00000|  0%| F|  |TAMS 0x00000006ec800000| PB 0x00000006ec800000| Untracked 
| 385|0x00000006ecc00000, 0x00000006ecc00000, 0x00000006ed000000|  0%| F|  |TAMS 0x00000006ecc00000| PB 0x00000006ecc00000| Untracked 
| 386|0x00000006ed000000, 0x00000006ed000000, 0x00000006ed400000|  0%| F|  |TAMS 0x00000006ed000000| PB 0x00000006ed000000| Untracked 
| 387|0x00000006ed400000, 0x00000006ed400000, 0x00000006ed800000|  0%| F|  |TAMS 0x00000006ed400000| PB 0x00000006ed400000| Untracked 
| 388|0x00000006ed800000, 0x00000006ed800000, 0x00000006edc00000|  0%| F|  |TAMS 0x00000006ed800000| PB 0x00000006ed800000| Untracked 
| 389|0x00000006edc00000, 0x00000006edc00000, 0x00000006ee000000|  0%| F|  |TAMS 0x00000006edc00000| PB 0x00000006edc00000| Untracked 
| 390|0x00000006ee000000, 0x00000006ee000000, 0x00000006ee400000|  0%| F|  |TAMS 0x00000006ee000000| PB 0x00000006ee000000| Untracked 
| 391|0x00000006ee400000, 0x00000006ee400000, 0x00000006ee800000|  0%| F|  |TAMS 0x00000006ee400000| PB 0x00000006ee400000| Untracked 
| 392|0x00000006ee800000, 0x00000006ee800000, 0x00000006eec00000|  0%| F|  |TAMS 0x00000006ee800000| PB 0x00000006ee800000| Untracked 
| 393|0x00000006eec00000, 0x00000006eec00000, 0x00000006ef000000|  0%| F|  |TAMS 0x00000006eec00000| PB 0x00000006eec00000| Untracked 
| 394|0x00000006ef000000, 0x00000006ef000000, 0x00000006ef400000|  0%| F|  |TAMS 0x00000006ef000000| PB 0x00000006ef000000| Untracked 
| 395|0x00000006ef400000, 0x00000006ef400000, 0x00000006ef800000|  0%| F|  |TAMS 0x00000006ef400000| PB 0x00000006ef400000| Untracked 
| 396|0x00000006ef800000, 0x00000006ef800000, 0x00000006efc00000|  0%| F|  |TAMS 0x00000006ef800000| PB 0x00000006ef800000| Untracked 
| 397|0x00000006efc00000, 0x00000006efc00000, 0x00000006f0000000|  0%| F|  |TAMS 0x00000006efc00000| PB 0x00000006efc00000| Untracked 
| 398|0x00000006f0000000, 0x00000006f0000000, 0x00000006f0400000|  0%| F|  |TAMS 0x00000006f0000000| PB 0x00000006f0000000| Untracked 
| 399|0x00000006f0400000, 0x00000006f0400000, 0x00000006f0800000|  0%| F|  |TAMS 0x00000006f0400000| PB 0x00000006f0400000| Untracked 
| 400|0x00000006f0800000, 0x00000006f0800000, 0x00000006f0c00000|  0%| F|  |TAMS 0x00000006f0800000| PB 0x00000006f0800000| Untracked 
| 401|0x00000006f0c00000, 0x00000006f0c00000, 0x00000006f1000000|  0%| F|  |TAMS 0x00000006f0c00000| PB 0x00000006f0c00000| Untracked 
| 402|0x00000006f1000000, 0x00000006f1000000, 0x00000006f1400000|  0%| F|  |TAMS 0x00000006f1000000| PB 0x00000006f1000000| Untracked 
| 403|0x00000006f1400000, 0x00000006f1400000, 0x00000006f1800000|  0%| F|  |TAMS 0x00000006f1400000| PB 0x00000006f1400000| Untracked 
| 404|0x00000006f1800000, 0x00000006f1800000, 0x00000006f1c00000|  0%| F|  |TAMS 0x00000006f1800000| PB 0x00000006f1800000| Untracked 
| 405|0x00000006f1c00000, 0x00000006f1c00000, 0x00000006f2000000|  0%| F|  |TAMS 0x00000006f1c00000| PB 0x00000006f1c00000| Untracked 
| 406|0x00000006f2000000, 0x00000006f2000000, 0x00000006f2400000|  0%| F|  |TAMS 0x00000006f2000000| PB 0x00000006f2000000| Untracked 
| 407|0x00000006f2400000, 0x00000006f2400000, 0x00000006f2800000|  0%| F|  |TAMS 0x00000006f2400000| PB 0x00000006f2400000| Untracked 
| 408|0x00000006f2800000, 0x00000006f2800000, 0x00000006f2c00000|  0%| F|  |TAMS 0x00000006f2800000| PB 0x00000006f2800000| Untracked 
| 409|0x00000006f2c00000, 0x00000006f2c00000, 0x00000006f3000000|  0%| F|  |TAMS 0x00000006f2c00000| PB 0x00000006f2c00000| Untracked 
| 410|0x00000006f3000000, 0x00000006f3000000, 0x00000006f3400000|  0%| F|  |TAMS 0x00000006f3000000| PB 0x00000006f3000000| Untracked 
| 411|0x00000006f3400000, 0x00000006f3400000, 0x00000006f3800000|  0%| F|  |TAMS 0x00000006f3400000| PB 0x00000006f3400000| Untracked 
| 412|0x00000006f3800000, 0x00000006f3800000, 0x00000006f3c00000|  0%| F|  |TAMS 0x00000006f3800000| PB 0x00000006f3800000| Untracked 
| 413|0x00000006f3c00000, 0x00000006f3c00000, 0x00000006f4000000|  0%| F|  |TAMS 0x00000006f3c00000| PB 0x00000006f3c00000| Untracked 
| 414|0x00000006f4000000, 0x00000006f4000000, 0x00000006f4400000|  0%| F|  |TAMS 0x00000006f4000000| PB 0x00000006f4000000| Untracked 
| 415|0x00000006f4400000, 0x00000006f4400000, 0x00000006f4800000|  0%| F|  |TAMS 0x00000006f4400000| PB 0x00000006f4400000| Untracked 
| 416|0x00000006f4800000, 0x00000006f4800000, 0x00000006f4c00000|  0%| F|  |TAMS 0x00000006f4800000| PB 0x00000006f4800000| Untracked 
| 417|0x00000006f4c00000, 0x00000006f4c00000, 0x00000006f5000000|  0%| F|  |TAMS 0x00000006f4c00000| PB 0x00000006f4c00000| Untracked 
| 418|0x00000006f5000000, 0x00000006f5000000, 0x00000006f5400000|  0%| F|  |TAMS 0x00000006f5000000| PB 0x00000006f5000000| Untracked 
| 419|0x00000006f5400000, 0x00000006f5400000, 0x00000006f5800000|  0%| F|  |TAMS 0x00000006f5400000| PB 0x00000006f5400000| Untracked 
| 420|0x00000006f5800000, 0x00000006f5800000, 0x00000006f5c00000|  0%| F|  |TAMS 0x00000006f5800000| PB 0x00000006f5800000| Untracked 
| 421|0x00000006f5c00000, 0x00000006f5c00000, 0x00000006f6000000|  0%| F|  |TAMS 0x00000006f5c00000| PB 0x00000006f5c00000| Untracked 
| 422|0x00000006f6000000, 0x00000006f6000000, 0x00000006f6400000|  0%| F|  |TAMS 0x00000006f6000000| PB 0x00000006f6000000| Untracked 
| 423|0x00000006f6400000, 0x00000006f6400000, 0x00000006f6800000|  0%| F|  |TAMS 0x00000006f6400000| PB 0x00000006f6400000| Untracked 
| 424|0x00000006f6800000, 0x00000006f6800000, 0x00000006f6c00000|  0%| F|  |TAMS 0x00000006f6800000| PB 0x00000006f6800000| Untracked 
| 425|0x00000006f6c00000, 0x00000006f6c00000, 0x00000006f7000000|  0%| F|  |TAMS 0x00000006f6c00000| PB 0x00000006f6c00000| Untracked 
| 426|0x00000006f7000000, 0x00000006f7000000, 0x00000006f7400000|  0%| F|  |TAMS 0x00000006f7000000| PB 0x00000006f7000000| Untracked 
| 427|0x00000006f7400000, 0x00000006f7400000, 0x00000006f7800000|  0%| F|  |TAMS 0x00000006f7400000| PB 0x00000006f7400000| Untracked 
| 428|0x00000006f7800000, 0x00000006f7800000, 0x00000006f7c00000|  0%| F|  |TAMS 0x00000006f7800000| PB 0x00000006f7800000| Untracked 
| 429|0x00000006f7c00000, 0x00000006f7c00000, 0x00000006f8000000|  0%| F|  |TAMS 0x00000006f7c00000| PB 0x00000006f7c00000| Untracked 
| 430|0x00000006f8000000, 0x00000006f8000000, 0x00000006f8400000|  0%| F|  |TAMS 0x00000006f8000000| PB 0x00000006f8000000| Untracked 
| 431|0x00000006f8400000, 0x00000006f8400000, 0x00000006f8800000|  0%| F|  |TAMS 0x00000006f8400000| PB 0x00000006f8400000| Untracked 
| 432|0x00000006f8800000, 0x00000006f8800000, 0x00000006f8c00000|  0%| F|  |TAMS 0x00000006f8800000| PB 0x00000006f8800000| Untracked 
| 433|0x00000006f8c00000, 0x00000006f8c00000, 0x00000006f9000000|  0%| F|  |TAMS 0x00000006f8c00000| PB 0x00000006f8c00000| Untracked 
| 434|0x00000006f9000000, 0x00000006f9000000, 0x00000006f9400000|  0%| F|  |TAMS 0x00000006f9000000| PB 0x00000006f9000000| Untracked 
| 435|0x00000006f9400000, 0x00000006f9400000, 0x00000006f9800000|  0%| F|  |TAMS 0x00000006f9400000| PB 0x00000006f9400000| Untracked 
| 436|0x00000006f9800000, 0x00000006f9800000, 0x00000006f9c00000|  0%| F|  |TAMS 0x00000006f9800000| PB 0x00000006f9800000| Untracked 
| 437|0x00000006f9c00000, 0x00000006f9c00000, 0x00000006fa000000|  0%| F|  |TAMS 0x00000006f9c00000| PB 0x00000006f9c00000| Untracked 
| 438|0x00000006fa000000, 0x00000006fa000000, 0x00000006fa400000|  0%| F|  |TAMS 0x00000006fa000000| PB 0x00000006fa000000| Untracked 
| 439|0x00000006fa400000, 0x00000006fa400000, 0x00000006fa800000|  0%| F|  |TAMS 0x00000006fa400000| PB 0x00000006fa400000| Untracked 
| 440|0x00000006fa800000, 0x00000006fa800000, 0x00000006fac00000|  0%| F|  |TAMS 0x00000006fa800000| PB 0x00000006fa800000| Untracked 
| 441|0x00000006fac00000, 0x00000006fac00000, 0x00000006fb000000|  0%| F|  |TAMS 0x00000006fac00000| PB 0x00000006fac00000| Untracked 
| 442|0x00000006fb000000, 0x00000006fb000000, 0x00000006fb400000|  0%| F|  |TAMS 0x00000006fb000000| PB 0x00000006fb000000| Untracked 
| 443|0x00000006fb400000, 0x00000006fb400000, 0x00000006fb800000|  0%| F|  |TAMS 0x00000006fb400000| PB 0x00000006fb400000| Untracked 
| 444|0x00000006fb800000, 0x00000006fb800000, 0x00000006fbc00000|  0%| F|  |TAMS 0x00000006fb800000| PB 0x00000006fb800000| Untracked 
| 445|0x00000006fbc00000, 0x00000006fbc00000, 0x00000006fc000000|  0%| F|  |TAMS 0x00000006fbc00000| PB 0x00000006fbc00000| Untracked 
| 446|0x00000006fc000000, 0x00000006fc000000, 0x00000006fc400000|  0%| F|  |TAMS 0x00000006fc000000| PB 0x00000006fc000000| Untracked 
| 447|0x00000006fc400000, 0x00000006fc400000, 0x00000006fc800000|  0%| F|  |TAMS 0x00000006fc400000| PB 0x00000006fc400000| Untracked 
| 448|0x00000006fc800000, 0x00000006fc800000, 0x00000006fcc00000|  0%| F|  |TAMS 0x00000006fc800000| PB 0x00000006fc800000| Untracked 
| 449|0x00000006fcc00000, 0x00000006fcc00000, 0x00000006fd000000|  0%| F|  |TAMS 0x00000006fcc00000| PB 0x00000006fcc00000| Untracked 
| 450|0x00000006fd000000, 0x00000006fd000000, 0x00000006fd400000|  0%| F|  |TAMS 0x00000006fd000000| PB 0x00000006fd000000| Untracked 
| 451|0x00000006fd400000, 0x00000006fd400000, 0x00000006fd800000|  0%| F|  |TAMS 0x00000006fd400000| PB 0x00000006fd400000| Untracked 
| 452|0x00000006fd800000, 0x00000006fd800000, 0x00000006fdc00000|  0%| F|  |TAMS 0x00000006fd800000| PB 0x00000006fd800000| Untracked 
| 453|0x00000006fdc00000, 0x00000006fdc00000, 0x00000006fe000000|  0%| F|  |TAMS 0x00000006fdc00000| PB 0x00000006fdc00000| Untracked 
| 454|0x00000006fe000000, 0x00000006fe000000, 0x00000006fe400000|  0%| F|  |TAMS 0x00000006fe000000| PB 0x00000006fe000000| Untracked 
| 455|0x00000006fe400000, 0x00000006fe400000, 0x00000006fe800000|  0%| F|  |TAMS 0x00000006fe400000| PB 0x00000006fe400000| Untracked 
| 456|0x00000006fe800000, 0x00000006fe800000, 0x00000006fec00000|  0%| F|  |TAMS 0x00000006fe800000| PB 0x00000006fe800000| Untracked 
| 457|0x00000006fec00000, 0x00000006fec00000, 0x00000006ff000000|  0%| F|  |TAMS 0x00000006fec00000| PB 0x00000006fec00000| Untracked 
| 458|0x00000006ff000000, 0x00000006ff000000, 0x00000006ff400000|  0%| F|  |TAMS 0x00000006ff000000| PB 0x00000006ff000000| Untracked 
| 459|0x00000006ff400000, 0x00000006ff400000, 0x00000006ff800000|  0%| F|  |TAMS 0x00000006ff400000| PB 0x00000006ff400000| Untracked 
| 460|0x00000006ff800000, 0x00000006ff800000, 0x00000006ffc00000|  0%| F|  |TAMS 0x00000006ff800000| PB 0x00000006ff800000| Untracked 
| 461|0x00000006ffc00000, 0x00000006ffc00000, 0x0000000700000000|  0%| F|  |TAMS 0x00000006ffc00000| PB 0x00000006ffc00000| Untracked 
| 462|0x0000000700000000, 0x0000000700000000, 0x0000000700400000|  0%| F|  |TAMS 0x0000000700000000| PB 0x0000000700000000| Untracked 
| 463|0x0000000700400000, 0x0000000700400000, 0x0000000700800000|  0%| F|  |TAMS 0x0000000700400000| PB 0x0000000700400000| Untracked 
| 464|0x0000000700800000, 0x0000000700800000, 0x0000000700c00000|  0%| F|  |TAMS 0x0000000700800000| PB 0x0000000700800000| Untracked 
| 465|0x0000000700c00000, 0x0000000700c00000, 0x0000000701000000|  0%| F|  |TAMS 0x0000000700c00000| PB 0x0000000700c00000| Untracked 
| 466|0x0000000701000000, 0x0000000701000000, 0x0000000701400000|  0%| F|  |TAMS 0x0000000701000000| PB 0x0000000701000000| Untracked 
| 467|0x0000000701400000, 0x0000000701400000, 0x0000000701800000|  0%| F|  |TAMS 0x0000000701400000| PB 0x0000000701400000| Untracked 
| 468|0x0000000701800000, 0x0000000701800000, 0x0000000701c00000|  0%| F|  |TAMS 0x0000000701800000| PB 0x0000000701800000| Untracked 
| 469|0x0000000701c00000, 0x0000000701c00000, 0x0000000702000000|  0%| F|  |TAMS 0x0000000701c00000| PB 0x0000000701c00000| Untracked 
| 470|0x0000000702000000, 0x0000000702000000, 0x0000000702400000|  0%| F|  |TAMS 0x0000000702000000| PB 0x0000000702000000| Untracked 
| 471|0x0000000702400000, 0x0000000702400000, 0x0000000702800000|  0%| F|  |TAMS 0x0000000702400000| PB 0x0000000702400000| Untracked 
| 472|0x0000000702800000, 0x0000000702800000, 0x0000000702c00000|  0%| F|  |TAMS 0x0000000702800000| PB 0x0000000702800000| Untracked 
| 473|0x0000000702c00000, 0x0000000702c00000, 0x0000000703000000|  0%| F|  |TAMS 0x0000000702c00000| PB 0x0000000702c00000| Untracked 
| 474|0x0000000703000000, 0x0000000703000000, 0x0000000703400000|  0%| F|  |TAMS 0x0000000703000000| PB 0x0000000703000000| Untracked 
| 475|0x0000000703400000, 0x0000000703400000, 0x0000000703800000|  0%| F|  |TAMS 0x0000000703400000| PB 0x0000000703400000| Untracked 
| 476|0x0000000703800000, 0x0000000703800000, 0x0000000703c00000|  0%| F|  |TAMS 0x0000000703800000| PB 0x0000000703800000| Untracked 
| 477|0x0000000703c00000, 0x0000000703c00000, 0x0000000704000000|  0%| F|  |TAMS 0x0000000703c00000| PB 0x0000000703c00000| Untracked 
| 478|0x0000000704000000, 0x0000000704000000, 0x0000000704400000|  0%| F|  |TAMS 0x0000000704000000| PB 0x0000000704000000| Untracked 
| 479|0x0000000704400000, 0x0000000704400000, 0x0000000704800000|  0%| F|  |TAMS 0x0000000704400000| PB 0x0000000704400000| Untracked 
| 480|0x0000000704800000, 0x0000000704800000, 0x0000000704c00000|  0%| F|  |TAMS 0x0000000704800000| PB 0x0000000704800000| Untracked 
| 481|0x0000000704c00000, 0x0000000704c00000, 0x0000000705000000|  0%| F|  |TAMS 0x0000000704c00000| PB 0x0000000704c00000| Untracked 
| 482|0x0000000705000000, 0x0000000705000000, 0x0000000705400000|  0%| F|  |TAMS 0x0000000705000000| PB 0x0000000705000000| Untracked 
| 483|0x0000000705400000, 0x0000000705400000, 0x0000000705800000|  0%| F|  |TAMS 0x0000000705400000| PB 0x0000000705400000| Untracked 
| 484|0x0000000705800000, 0x0000000705800000, 0x0000000705c00000|  0%| F|  |TAMS 0x0000000705800000| PB 0x0000000705800000| Untracked 
| 485|0x0000000705c00000, 0x0000000705c00000, 0x0000000706000000|  0%| F|  |TAMS 0x0000000705c00000| PB 0x0000000705c00000| Untracked 
| 486|0x0000000706000000, 0x0000000706000000, 0x0000000706400000|  0%| F|  |TAMS 0x0000000706000000| PB 0x0000000706000000| Untracked 
| 487|0x0000000706400000, 0x0000000706400000, 0x0000000706800000|  0%| F|  |TAMS 0x0000000706400000| PB 0x0000000706400000| Untracked 
| 488|0x0000000706800000, 0x0000000706800000, 0x0000000706c00000|  0%| F|  |TAMS 0x0000000706800000| PB 0x0000000706800000| Untracked 
| 489|0x0000000706c00000, 0x0000000706c00000, 0x0000000707000000|  0%| F|  |TAMS 0x0000000706c00000| PB 0x0000000706c00000| Untracked 
| 490|0x0000000707000000, 0x0000000707000000, 0x0000000707400000|  0%| F|  |TAMS 0x0000000707000000| PB 0x0000000707000000| Untracked 
| 491|0x0000000707400000, 0x0000000707400000, 0x0000000707800000|  0%| F|  |TAMS 0x0000000707400000| PB 0x0000000707400000| Untracked 
| 492|0x0000000707800000, 0x0000000707800000, 0x0000000707c00000|  0%| F|  |TAMS 0x0000000707800000| PB 0x0000000707800000| Untracked 
| 493|0x0000000707c00000, 0x0000000707c00000, 0x0000000708000000|  0%| F|  |TAMS 0x0000000707c00000| PB 0x0000000707c00000| Untracked 
| 494|0x0000000708000000, 0x0000000708000000, 0x0000000708400000|  0%| F|  |TAMS 0x0000000708000000| PB 0x0000000708000000| Untracked 
| 495|0x0000000708400000, 0x0000000708400000, 0x0000000708800000|  0%| F|  |TAMS 0x0000000708400000| PB 0x0000000708400000| Untracked 
| 496|0x0000000708800000, 0x0000000708800000, 0x0000000708c00000|  0%| F|  |TAMS 0x0000000708800000| PB 0x0000000708800000| Untracked 
| 497|0x0000000708c00000, 0x0000000708c00000, 0x0000000709000000|  0%| F|  |TAMS 0x0000000708c00000| PB 0x0000000708c00000| Untracked 
| 498|0x0000000709000000, 0x0000000709000000, 0x0000000709400000|  0%| F|  |TAMS 0x0000000709000000| PB 0x0000000709000000| Untracked 
| 499|0x0000000709400000, 0x0000000709400000, 0x0000000709800000|  0%| F|  |TAMS 0x0000000709400000| PB 0x0000000709400000| Untracked 
| 500|0x0000000709800000, 0x0000000709800000, 0x0000000709c00000|  0%| F|  |TAMS 0x0000000709800000| PB 0x0000000709800000| Untracked 
| 501|0x0000000709c00000, 0x0000000709c00000, 0x000000070a000000|  0%| F|  |TAMS 0x0000000709c00000| PB 0x0000000709c00000| Untracked 
| 502|0x000000070a000000, 0x000000070a000000, 0x000000070a400000|  0%| F|  |TAMS 0x000000070a000000| PB 0x000000070a000000| Untracked 
| 503|0x000000070a400000, 0x000000070a400000, 0x000000070a800000|  0%| F|  |TAMS 0x000000070a400000| PB 0x000000070a400000| Untracked 
| 504|0x000000070a800000, 0x000000070a800000, 0x000000070ac00000|  0%| F|  |TAMS 0x000000070a800000| PB 0x000000070a800000| Untracked 
| 505|0x000000070ac00000, 0x000000070ac00000, 0x000000070b000000|  0%| F|  |TAMS 0x000000070ac00000| PB 0x000000070ac00000| Untracked 
| 506|0x000000070b000000, 0x000000070b000000, 0x000000070b400000|  0%| F|  |TAMS 0x000000070b000000| PB 0x000000070b000000| Untracked 
| 507|0x000000070b400000, 0x000000070b400000, 0x000000070b800000|  0%| F|  |TAMS 0x000000070b400000| PB 0x000000070b400000| Untracked 
| 508|0x000000070b800000, 0x000000070b800000, 0x000000070bc00000|  0%| F|  |TAMS 0x000000070b800000| PB 0x000000070b800000| Untracked 
| 509|0x000000070bc00000, 0x000000070bc00000, 0x000000070c000000|  0%| F|  |TAMS 0x000000070bc00000| PB 0x000000070bc00000| Untracked 
| 510|0x000000070c000000, 0x000000070c000000, 0x000000070c400000|  0%| F|  |TAMS 0x000000070c000000| PB 0x000000070c000000| Untracked 
| 511|0x000000070c400000, 0x000000070c400000, 0x000000070c800000|  0%| F|  |TAMS 0x000000070c400000| PB 0x000000070c400000| Untracked 
| 512|0x000000070c800000, 0x000000070c800000, 0x000000070cc00000|  0%| F|  |TAMS 0x000000070c800000| PB 0x000000070c800000| Untracked 
| 513|0x000000070cc00000, 0x000000070cc00000, 0x000000070d000000|  0%| F|  |TAMS 0x000000070cc00000| PB 0x000000070cc00000| Untracked 
| 514|0x000000070d000000, 0x000000070d000000, 0x000000070d400000|  0%| F|  |TAMS 0x000000070d000000| PB 0x000000070d000000| Untracked 
| 515|0x000000070d400000, 0x000000070d400000, 0x000000070d800000|  0%| F|  |TAMS 0x000000070d400000| PB 0x000000070d400000| Untracked 
| 516|0x000000070d800000, 0x000000070d800000, 0x000000070dc00000|  0%| F|  |TAMS 0x000000070d800000| PB 0x000000070d800000| Untracked 
| 517|0x000000070dc00000, 0x000000070dc00000, 0x000000070e000000|  0%| F|  |TAMS 0x000000070dc00000| PB 0x000000070dc00000| Untracked 
| 518|0x000000070e000000, 0x000000070e000000, 0x000000070e400000|  0%| F|  |TAMS 0x000000070e000000| PB 0x000000070e000000| Untracked 
| 519|0x000000070e400000, 0x000000070e400000, 0x000000070e800000|  0%| F|  |TAMS 0x000000070e400000| PB 0x000000070e400000| Untracked 
| 520|0x000000070e800000, 0x000000070e800000, 0x000000070ec00000|  0%| F|  |TAMS 0x000000070e800000| PB 0x000000070e800000| Untracked 
| 521|0x000000070ec00000, 0x000000070ec00000, 0x000000070f000000|  0%| F|  |TAMS 0x000000070ec00000| PB 0x000000070ec00000| Untracked 
| 522|0x000000070f000000, 0x000000070f000000, 0x000000070f400000|  0%| F|  |TAMS 0x000000070f000000| PB 0x000000070f000000| Untracked 
| 523|0x000000070f400000, 0x000000070f400000, 0x000000070f800000|  0%| F|  |TAMS 0x000000070f400000| PB 0x000000070f400000| Untracked 
| 524|0x000000070f800000, 0x000000070f800000, 0x000000070fc00000|  0%| F|  |TAMS 0x000000070f800000| PB 0x000000070f800000| Untracked 
| 525|0x000000070fc00000, 0x000000070fc00000, 0x0000000710000000|  0%| F|  |TAMS 0x000000070fc00000| PB 0x000000070fc00000| Untracked 
| 526|0x0000000710000000, 0x0000000710000000, 0x0000000710400000|  0%| F|  |TAMS 0x0000000710000000| PB 0x0000000710000000| Untracked 
| 527|0x0000000710400000, 0x0000000710400000, 0x0000000710800000|  0%| F|  |TAMS 0x0000000710400000| PB 0x0000000710400000| Untracked 
| 528|0x0000000710800000, 0x0000000710800000, 0x0000000710c00000|  0%| F|  |TAMS 0x0000000710800000| PB 0x0000000710800000| Untracked 
| 529|0x0000000710c00000, 0x0000000710c00000, 0x0000000711000000|  0%| F|  |TAMS 0x0000000710c00000| PB 0x0000000710c00000| Untracked 
| 530|0x0000000711000000, 0x0000000711000000, 0x0000000711400000|  0%| F|  |TAMS 0x0000000711000000| PB 0x0000000711000000| Untracked 
| 531|0x0000000711400000, 0x0000000711400000, 0x0000000711800000|  0%| F|  |TAMS 0x0000000711400000| PB 0x0000000711400000| Untracked 
| 532|0x0000000711800000, 0x0000000711800000, 0x0000000711c00000|  0%| F|  |TAMS 0x0000000711800000| PB 0x0000000711800000| Untracked 
| 533|0x0000000711c00000, 0x0000000711c00000, 0x0000000712000000|  0%| F|  |TAMS 0x0000000711c00000| PB 0x0000000711c00000| Untracked 
| 534|0x0000000712000000, 0x0000000712000000, 0x0000000712400000|  0%| F|  |TAMS 0x0000000712000000| PB 0x0000000712000000| Untracked 
| 535|0x0000000712400000, 0x0000000712400000, 0x0000000712800000|  0%| F|  |TAMS 0x0000000712400000| PB 0x0000000712400000| Untracked 
| 536|0x0000000712800000, 0x0000000712800000, 0x0000000712c00000|  0%| F|  |TAMS 0x0000000712800000| PB 0x0000000712800000| Untracked 
| 537|0x0000000712c00000, 0x0000000712c00000, 0x0000000713000000|  0%| F|  |TAMS 0x0000000712c00000| PB 0x0000000712c00000| Untracked 
| 538|0x0000000713000000, 0x0000000713000000, 0x0000000713400000|  0%| F|  |TAMS 0x0000000713000000| PB 0x0000000713000000| Untracked 
| 539|0x0000000713400000, 0x0000000713400000, 0x0000000713800000|  0%| F|  |TAMS 0x0000000713400000| PB 0x0000000713400000| Untracked 
| 540|0x0000000713800000, 0x0000000713800000, 0x0000000713c00000|  0%| F|  |TAMS 0x0000000713800000| PB 0x0000000713800000| Untracked 
| 541|0x0000000713c00000, 0x0000000713c00000, 0x0000000714000000|  0%| F|  |TAMS 0x0000000713c00000| PB 0x0000000713c00000| Untracked 
| 542|0x0000000714000000, 0x0000000714000000, 0x0000000714400000|  0%| F|  |TAMS 0x0000000714000000| PB 0x0000000714000000| Untracked 
| 543|0x0000000714400000, 0x0000000714400000, 0x0000000714800000|  0%| F|  |TAMS 0x0000000714400000| PB 0x0000000714400000| Untracked 
| 544|0x0000000714800000, 0x0000000714800000, 0x0000000714c00000|  0%| F|  |TAMS 0x0000000714800000| PB 0x0000000714800000| Untracked 
| 545|0x0000000714c00000, 0x0000000714c00000, 0x0000000715000000|  0%| F|  |TAMS 0x0000000714c00000| PB 0x0000000714c00000| Untracked 
| 546|0x0000000715000000, 0x0000000715000000, 0x0000000715400000|  0%| F|  |TAMS 0x0000000715000000| PB 0x0000000715000000| Untracked 
| 547|0x0000000715400000, 0x0000000715400000, 0x0000000715800000|  0%| F|  |TAMS 0x0000000715400000| PB 0x0000000715400000| Untracked 
| 548|0x0000000715800000, 0x0000000715800000, 0x0000000715c00000|  0%| F|  |TAMS 0x0000000715800000| PB 0x0000000715800000| Untracked 
| 549|0x0000000715c00000, 0x0000000715c00000, 0x0000000716000000|  0%| F|  |TAMS 0x0000000715c00000| PB 0x0000000715c00000| Untracked 
| 550|0x0000000716000000, 0x0000000716000000, 0x0000000716400000|  0%| F|  |TAMS 0x0000000716000000| PB 0x0000000716000000| Untracked 
| 551|0x0000000716400000, 0x0000000716400000, 0x0000000716800000|  0%| F|  |TAMS 0x0000000716400000| PB 0x0000000716400000| Untracked 
| 552|0x0000000716800000, 0x0000000716800000, 0x0000000716c00000|  0%| F|  |TAMS 0x0000000716800000| PB 0x0000000716800000| Untracked 
| 553|0x0000000716c00000, 0x0000000716c00000, 0x0000000717000000|  0%| F|  |TAMS 0x0000000716c00000| PB 0x0000000716c00000| Untracked 
| 554|0x0000000717000000, 0x0000000717000000, 0x0000000717400000|  0%| F|  |TAMS 0x0000000717000000| PB 0x0000000717000000| Untracked 
| 555|0x0000000717400000, 0x0000000717400000, 0x0000000717800000|  0%| F|  |TAMS 0x0000000717400000| PB 0x0000000717400000| Untracked 
| 556|0x0000000717800000, 0x0000000717800000, 0x0000000717c00000|  0%| F|  |TAMS 0x0000000717800000| PB 0x0000000717800000| Untracked 
| 557|0x0000000717c00000, 0x0000000717c00000, 0x0000000718000000|  0%| F|  |TAMS 0x0000000717c00000| PB 0x0000000717c00000| Untracked 
| 558|0x0000000718000000, 0x0000000718000000, 0x0000000718400000|  0%| F|  |TAMS 0x0000000718000000| PB 0x0000000718000000| Untracked 
| 559|0x0000000718400000, 0x0000000718400000, 0x0000000718800000|  0%| F|  |TAMS 0x0000000718400000| PB 0x0000000718400000| Untracked 
| 560|0x0000000718800000, 0x0000000718800000, 0x0000000718c00000|  0%| F|  |TAMS 0x0000000718800000| PB 0x0000000718800000| Untracked 
| 561|0x0000000718c00000, 0x0000000718c00000, 0x0000000719000000|  0%| F|  |TAMS 0x0000000718c00000| PB 0x0000000718c00000| Untracked 
| 562|0x0000000719000000, 0x0000000719000000, 0x0000000719400000|  0%| F|  |TAMS 0x0000000719000000| PB 0x0000000719000000| Untracked 
| 563|0x0000000719400000, 0x0000000719400000, 0x0000000719800000|  0%| F|  |TAMS 0x0000000719400000| PB 0x0000000719400000| Untracked 
| 564|0x0000000719800000, 0x0000000719800000, 0x0000000719c00000|  0%| F|  |TAMS 0x0000000719800000| PB 0x0000000719800000| Untracked 
| 565|0x0000000719c00000, 0x0000000719c00000, 0x000000071a000000|  0%| F|  |TAMS 0x0000000719c00000| PB 0x0000000719c00000| Untracked 
| 566|0x000000071a000000, 0x000000071a000000, 0x000000071a400000|  0%| F|  |TAMS 0x000000071a000000| PB 0x000000071a000000| Untracked 
| 567|0x000000071a400000, 0x000000071a400000, 0x000000071a800000|  0%| F|  |TAMS 0x000000071a400000| PB 0x000000071a400000| Untracked 
| 568|0x000000071a800000, 0x000000071a800000, 0x000000071ac00000|  0%| F|  |TAMS 0x000000071a800000| PB 0x000000071a800000| Untracked 
| 569|0x000000071ac00000, 0x000000071ac00000, 0x000000071b000000|  0%| F|  |TAMS 0x000000071ac00000| PB 0x000000071ac00000| Untracked 
| 570|0x000000071b000000, 0x000000071b000000, 0x000000071b400000|  0%| F|  |TAMS 0x000000071b000000| PB 0x000000071b000000| Untracked 
| 571|0x000000071b400000, 0x000000071b400000, 0x000000071b800000|  0%| F|  |TAMS 0x000000071b400000| PB 0x000000071b400000| Untracked 
| 572|0x000000071b800000, 0x000000071b800000, 0x000000071bc00000|  0%| F|  |TAMS 0x000000071b800000| PB 0x000000071b800000| Untracked 
| 573|0x000000071bc00000, 0x000000071bc00000, 0x000000071c000000|  0%| F|  |TAMS 0x000000071bc00000| PB 0x000000071bc00000| Untracked 
| 574|0x000000071c000000, 0x000000071c000000, 0x000000071c400000|  0%| F|  |TAMS 0x000000071c000000| PB 0x000000071c000000| Untracked 
| 575|0x000000071c400000, 0x000000071c400000, 0x000000071c800000|  0%| F|  |TAMS 0x000000071c400000| PB 0x000000071c400000| Untracked 
| 576|0x000000071c800000, 0x000000071c800000, 0x000000071cc00000|  0%| F|  |TAMS 0x000000071c800000| PB 0x000000071c800000| Untracked 
| 577|0x000000071cc00000, 0x000000071cc00000, 0x000000071d000000|  0%| F|  |TAMS 0x000000071cc00000| PB 0x000000071cc00000| Untracked 
| 578|0x000000071d000000, 0x000000071d000000, 0x000000071d400000|  0%| F|  |TAMS 0x000000071d000000| PB 0x000000071d000000| Untracked 
| 579|0x000000071d400000, 0x000000071d400000, 0x000000071d800000|  0%| F|  |TAMS 0x000000071d400000| PB 0x000000071d400000| Untracked 
| 580|0x000000071d800000, 0x000000071d800000, 0x000000071dc00000|  0%| F|  |TAMS 0x000000071d800000| PB 0x000000071d800000| Untracked 
| 581|0x000000071dc00000, 0x000000071dc00000, 0x000000071e000000|  0%| F|  |TAMS 0x000000071dc00000| PB 0x000000071dc00000| Untracked 
| 582|0x000000071e000000, 0x000000071e000000, 0x000000071e400000|  0%| F|  |TAMS 0x000000071e000000| PB 0x000000071e000000| Untracked 
| 583|0x000000071e400000, 0x000000071e400000, 0x000000071e800000|  0%| F|  |TAMS 0x000000071e400000| PB 0x000000071e400000| Untracked 
| 584|0x000000071e800000, 0x000000071e800000, 0x000000071ec00000|  0%| F|  |TAMS 0x000000071e800000| PB 0x000000071e800000| Untracked 
| 585|0x000000071ec00000, 0x000000071ec00000, 0x000000071f000000|  0%| F|  |TAMS 0x000000071ec00000| PB 0x000000071ec00000| Untracked 
| 586|0x000000071f000000, 0x000000071f000000, 0x000000071f400000|  0%| F|  |TAMS 0x000000071f000000| PB 0x000000071f000000| Untracked 
| 587|0x000000071f400000, 0x000000071f400000, 0x000000071f800000|  0%| F|  |TAMS 0x000000071f400000| PB 0x000000071f400000| Untracked 
| 588|0x000000071f800000, 0x000000071f800000, 0x000000071fc00000|  0%| F|  |TAMS 0x000000071f800000| PB 0x000000071f800000| Untracked 
| 589|0x000000071fc00000, 0x000000071fc00000, 0x0000000720000000|  0%| F|  |TAMS 0x000000071fc00000| PB 0x000000071fc00000| Untracked 
| 590|0x0000000720000000, 0x0000000720000000, 0x0000000720400000|  0%| F|  |TAMS 0x0000000720000000| PB 0x0000000720000000| Untracked 
| 591|0x0000000720400000, 0x0000000720400000, 0x0000000720800000|  0%| F|  |TAMS 0x0000000720400000| PB 0x0000000720400000| Untracked 
| 592|0x0000000720800000, 0x0000000720800000, 0x0000000720c00000|  0%| F|  |TAMS 0x0000000720800000| PB 0x0000000720800000| Untracked 
| 593|0x0000000720c00000, 0x0000000720c00000, 0x0000000721000000|  0%| F|  |TAMS 0x0000000720c00000| PB 0x0000000720c00000| Untracked 
| 594|0x0000000721000000, 0x0000000721000000, 0x0000000721400000|  0%| F|  |TAMS 0x0000000721000000| PB 0x0000000721000000| Untracked 
| 595|0x0000000721400000, 0x0000000721400000, 0x0000000721800000|  0%| F|  |TAMS 0x0000000721400000| PB 0x0000000721400000| Untracked 
| 596|0x0000000721800000, 0x0000000721800000, 0x0000000721c00000|  0%| F|  |TAMS 0x0000000721800000| PB 0x0000000721800000| Untracked 
| 597|0x0000000721c00000, 0x0000000721c00000, 0x0000000722000000|  0%| F|  |TAMS 0x0000000721c00000| PB 0x0000000721c00000| Untracked 
| 598|0x0000000722000000, 0x0000000722000000, 0x0000000722400000|  0%| F|  |TAMS 0x0000000722000000| PB 0x0000000722000000| Untracked 
| 599|0x0000000722400000, 0x0000000722400000, 0x0000000722800000|  0%| F|  |TAMS 0x0000000722400000| PB 0x0000000722400000| Untracked 
| 600|0x0000000722800000, 0x0000000722800000, 0x0000000722c00000|  0%| F|  |TAMS 0x0000000722800000| PB 0x0000000722800000| Untracked 
| 601|0x0000000722c00000, 0x0000000722c00000, 0x0000000723000000|  0%| F|  |TAMS 0x0000000722c00000| PB 0x0000000722c00000| Untracked 
| 602|0x0000000723000000, 0x0000000723000000, 0x0000000723400000|  0%| F|  |TAMS 0x0000000723000000| PB 0x0000000723000000| Untracked 
| 603|0x0000000723400000, 0x0000000723400000, 0x0000000723800000|  0%| F|  |TAMS 0x0000000723400000| PB 0x0000000723400000| Untracked 
| 604|0x0000000723800000, 0x0000000723800000, 0x0000000723c00000|  0%| F|  |TAMS 0x0000000723800000| PB 0x0000000723800000| Untracked 
| 605|0x0000000723c00000, 0x0000000723c00000, 0x0000000724000000|  0%| F|  |TAMS 0x0000000723c00000| PB 0x0000000723c00000| Untracked 
| 606|0x0000000724000000, 0x0000000724000000, 0x0000000724400000|  0%| F|  |TAMS 0x0000000724000000| PB 0x0000000724000000| Untracked 
| 607|0x0000000724400000, 0x0000000724400000, 0x0000000724800000|  0%| F|  |TAMS 0x0000000724400000| PB 0x0000000724400000| Untracked 
| 608|0x0000000724800000, 0x0000000724800000, 0x0000000724c00000|  0%| F|  |TAMS 0x0000000724800000| PB 0x0000000724800000| Untracked 
| 609|0x0000000724c00000, 0x0000000724c00000, 0x0000000725000000|  0%| F|  |TAMS 0x0000000724c00000| PB 0x0000000724c00000| Untracked 
| 610|0x0000000725000000, 0x0000000725000000, 0x0000000725400000|  0%| F|  |TAMS 0x0000000725000000| PB 0x0000000725000000| Untracked 
| 611|0x0000000725400000, 0x0000000725400000, 0x0000000725800000|  0%| F|  |TAMS 0x0000000725400000| PB 0x0000000725400000| Untracked 
| 612|0x0000000725800000, 0x0000000725800000, 0x0000000725c00000|  0%| F|  |TAMS 0x0000000725800000| PB 0x0000000725800000| Untracked 
| 613|0x0000000725c00000, 0x0000000725c00000, 0x0000000726000000|  0%| F|  |TAMS 0x0000000725c00000| PB 0x0000000725c00000| Untracked 
| 614|0x0000000726000000, 0x0000000726000000, 0x0000000726400000|  0%| F|  |TAMS 0x0000000726000000| PB 0x0000000726000000| Untracked 
| 615|0x0000000726400000, 0x0000000726400000, 0x0000000726800000|  0%| F|  |TAMS 0x0000000726400000| PB 0x0000000726400000| Untracked 
| 616|0x0000000726800000, 0x0000000726800000, 0x0000000726c00000|  0%| F|  |TAMS 0x0000000726800000| PB 0x0000000726800000| Untracked 
| 617|0x0000000726c00000, 0x0000000726c00000, 0x0000000727000000|  0%| F|  |TAMS 0x0000000726c00000| PB 0x0000000726c00000| Untracked 
| 618|0x0000000727000000, 0x0000000727000000, 0x0000000727400000|  0%| F|  |TAMS 0x0000000727000000| PB 0x0000000727000000| Untracked 
| 619|0x0000000727400000, 0x0000000727400000, 0x0000000727800000|  0%| F|  |TAMS 0x0000000727400000| PB 0x0000000727400000| Untracked 
| 620|0x0000000727800000, 0x0000000727800000, 0x0000000727c00000|  0%| F|  |TAMS 0x0000000727800000| PB 0x0000000727800000| Untracked 
| 621|0x0000000727c00000, 0x0000000727c00000, 0x0000000728000000|  0%| F|  |TAMS 0x0000000727c00000| PB 0x0000000727c00000| Untracked 
| 622|0x0000000728000000, 0x0000000728000000, 0x0000000728400000|  0%| F|  |TAMS 0x0000000728000000| PB 0x0000000728000000| Untracked 
| 623|0x0000000728400000, 0x0000000728400000, 0x0000000728800000|  0%| F|  |TAMS 0x0000000728400000| PB 0x0000000728400000| Untracked 
| 624|0x0000000728800000, 0x0000000728800000, 0x0000000728c00000|  0%| F|  |TAMS 0x0000000728800000| PB 0x0000000728800000| Untracked 
| 625|0x0000000728c00000, 0x0000000728c00000, 0x0000000729000000|  0%| F|  |TAMS 0x0000000728c00000| PB 0x0000000728c00000| Untracked 
| 626|0x0000000729000000, 0x0000000729000000, 0x0000000729400000|  0%| F|  |TAMS 0x0000000729000000| PB 0x0000000729000000| Untracked 
| 627|0x0000000729400000, 0x0000000729400000, 0x0000000729800000|  0%| F|  |TAMS 0x0000000729400000| PB 0x0000000729400000| Untracked 
| 628|0x0000000729800000, 0x0000000729800000, 0x0000000729c00000|  0%| F|  |TAMS 0x0000000729800000| PB 0x0000000729800000| Untracked 
| 629|0x0000000729c00000, 0x0000000729c00000, 0x000000072a000000|  0%| F|  |TAMS 0x0000000729c00000| PB 0x0000000729c00000| Untracked 
| 630|0x000000072a000000, 0x000000072a000000, 0x000000072a400000|  0%| F|  |TAMS 0x000000072a000000| PB 0x000000072a000000| Untracked 
| 631|0x000000072a400000, 0x000000072a400000, 0x000000072a800000|  0%| F|  |TAMS 0x000000072a400000| PB 0x000000072a400000| Untracked 
| 632|0x000000072a800000, 0x000000072a800000, 0x000000072ac00000|  0%| F|  |TAMS 0x000000072a800000| PB 0x000000072a800000| Untracked 
| 633|0x000000072ac00000, 0x000000072ac00000, 0x000000072b000000|  0%| F|  |TAMS 0x000000072ac00000| PB 0x000000072ac00000| Untracked 
| 634|0x000000072b000000, 0x000000072b000000, 0x000000072b400000|  0%| F|  |TAMS 0x000000072b000000| PB 0x000000072b000000| Untracked 
| 635|0x000000072b400000, 0x000000072b400000, 0x000000072b800000|  0%| F|  |TAMS 0x000000072b400000| PB 0x000000072b400000| Untracked 
| 636|0x000000072b800000, 0x000000072b800000, 0x000000072bc00000|  0%| F|  |TAMS 0x000000072b800000| PB 0x000000072b800000| Untracked 
| 637|0x000000072bc00000, 0x000000072bc00000, 0x000000072c000000|  0%| F|  |TAMS 0x000000072bc00000| PB 0x000000072bc00000| Untracked 
| 638|0x000000072c000000, 0x000000072c000000, 0x000000072c400000|  0%| F|  |TAMS 0x000000072c000000| PB 0x000000072c000000| Untracked 
| 639|0x000000072c400000, 0x000000072c400000, 0x000000072c800000|  0%| F|  |TAMS 0x000000072c400000| PB 0x000000072c400000| Untracked 
| 640|0x000000072c800000, 0x000000072c800000, 0x000000072cc00000|  0%| F|  |TAMS 0x000000072c800000| PB 0x000000072c800000| Untracked 
| 641|0x000000072cc00000, 0x000000072cc00000, 0x000000072d000000|  0%| F|  |TAMS 0x000000072cc00000| PB 0x000000072cc00000| Untracked 
| 642|0x000000072d000000, 0x000000072d000000, 0x000000072d400000|  0%| F|  |TAMS 0x000000072d000000| PB 0x000000072d000000| Untracked 
| 643|0x000000072d400000, 0x000000072d400000, 0x000000072d800000|  0%| F|  |TAMS 0x000000072d400000| PB 0x000000072d400000| Untracked 
| 644|0x000000072d800000, 0x000000072d800000, 0x000000072dc00000|  0%| F|  |TAMS 0x000000072d800000| PB 0x000000072d800000| Untracked 
| 645|0x000000072dc00000, 0x000000072dc00000, 0x000000072e000000|  0%| F|  |TAMS 0x000000072dc00000| PB 0x000000072dc00000| Untracked 
| 646|0x000000072e000000, 0x000000072e000000, 0x000000072e400000|  0%| F|  |TAMS 0x000000072e000000| PB 0x000000072e000000| Untracked 
| 647|0x000000072e400000, 0x000000072e400000, 0x000000072e800000|  0%| F|  |TAMS 0x000000072e400000| PB 0x000000072e400000| Untracked 
| 648|0x000000072e800000, 0x000000072e800000, 0x000000072ec00000|  0%| F|  |TAMS 0x000000072e800000| PB 0x000000072e800000| Untracked 
| 649|0x000000072ec00000, 0x000000072ec00000, 0x000000072f000000|  0%| F|  |TAMS 0x000000072ec00000| PB 0x000000072ec00000| Untracked 
| 650|0x000000072f000000, 0x000000072f000000, 0x000000072f400000|  0%| F|  |TAMS 0x000000072f000000| PB 0x000000072f000000| Untracked 
| 651|0x000000072f400000, 0x000000072f400000, 0x000000072f800000|  0%| F|  |TAMS 0x000000072f400000| PB 0x000000072f400000| Untracked 
| 652|0x000000072f800000, 0x000000072f800000, 0x000000072fc00000|  0%| F|  |TAMS 0x000000072f800000| PB 0x000000072f800000| Untracked 
| 653|0x000000072fc00000, 0x000000072fc00000, 0x0000000730000000|  0%| F|  |TAMS 0x000000072fc00000| PB 0x000000072fc00000| Untracked 
| 654|0x0000000730000000, 0x0000000730000000, 0x0000000730400000|  0%| F|  |TAMS 0x0000000730000000| PB 0x0000000730000000| Untracked 
| 655|0x0000000730400000, 0x0000000730400000, 0x0000000730800000|  0%| F|  |TAMS 0x0000000730400000| PB 0x0000000730400000| Untracked 
| 656|0x0000000730800000, 0x0000000730800000, 0x0000000730c00000|  0%| F|  |TAMS 0x0000000730800000| PB 0x0000000730800000| Untracked 
| 657|0x0000000730c00000, 0x0000000730c00000, 0x0000000731000000|  0%| F|  |TAMS 0x0000000730c00000| PB 0x0000000730c00000| Untracked 
| 658|0x0000000731000000, 0x0000000731000000, 0x0000000731400000|  0%| F|  |TAMS 0x0000000731000000| PB 0x0000000731000000| Untracked 
| 659|0x0000000731400000, 0x0000000731400000, 0x0000000731800000|  0%| F|  |TAMS 0x0000000731400000| PB 0x0000000731400000| Untracked 
| 660|0x0000000731800000, 0x0000000731800000, 0x0000000731c00000|  0%| F|  |TAMS 0x0000000731800000| PB 0x0000000731800000| Untracked 
| 661|0x0000000731c00000, 0x0000000731c00000, 0x0000000732000000|  0%| F|  |TAMS 0x0000000731c00000| PB 0x0000000731c00000| Untracked 
| 662|0x0000000732000000, 0x0000000732000000, 0x0000000732400000|  0%| F|  |TAMS 0x0000000732000000| PB 0x0000000732000000| Untracked 
| 663|0x0000000732400000, 0x0000000732400000, 0x0000000732800000|  0%| F|  |TAMS 0x0000000732400000| PB 0x0000000732400000| Untracked 
| 664|0x0000000732800000, 0x0000000732800000, 0x0000000732c00000|  0%| F|  |TAMS 0x0000000732800000| PB 0x0000000732800000| Untracked 
| 665|0x0000000732c00000, 0x0000000732c00000, 0x0000000733000000|  0%| F|  |TAMS 0x0000000732c00000| PB 0x0000000732c00000| Untracked 
| 666|0x0000000733000000, 0x0000000733000000, 0x0000000733400000|  0%| F|  |TAMS 0x0000000733000000| PB 0x0000000733000000| Untracked 
| 667|0x0000000733400000, 0x0000000733400000, 0x0000000733800000|  0%| F|  |TAMS 0x0000000733400000| PB 0x0000000733400000| Untracked 
| 668|0x0000000733800000, 0x0000000733800000, 0x0000000733c00000|  0%| F|  |TAMS 0x0000000733800000| PB 0x0000000733800000| Untracked 
| 669|0x0000000733c00000, 0x0000000733c00000, 0x0000000734000000|  0%| F|  |TAMS 0x0000000733c00000| PB 0x0000000733c00000| Untracked 
| 670|0x0000000734000000, 0x0000000734000000, 0x0000000734400000|  0%| F|  |TAMS 0x0000000734000000| PB 0x0000000734000000| Untracked 
| 671|0x0000000734400000, 0x0000000734400000, 0x0000000734800000|  0%| F|  |TAMS 0x0000000734400000| PB 0x0000000734400000| Untracked 
| 672|0x0000000734800000, 0x0000000734800000, 0x0000000734c00000|  0%| F|  |TAMS 0x0000000734800000| PB 0x0000000734800000| Untracked 
| 673|0x0000000734c00000, 0x0000000734c00000, 0x0000000735000000|  0%| F|  |TAMS 0x0000000734c00000| PB 0x0000000734c00000| Untracked 
| 674|0x0000000735000000, 0x0000000735000000, 0x0000000735400000|  0%| F|  |TAMS 0x0000000735000000| PB 0x0000000735000000| Untracked 
| 675|0x0000000735400000, 0x0000000735400000, 0x0000000735800000|  0%| F|  |TAMS 0x0000000735400000| PB 0x0000000735400000| Untracked 
| 676|0x0000000735800000, 0x0000000735800000, 0x0000000735c00000|  0%| F|  |TAMS 0x0000000735800000| PB 0x0000000735800000| Untracked 
| 677|0x0000000735c00000, 0x0000000735c00000, 0x0000000736000000|  0%| F|  |TAMS 0x0000000735c00000| PB 0x0000000735c00000| Untracked 
| 678|0x0000000736000000, 0x0000000736000000, 0x0000000736400000|  0%| F|  |TAMS 0x0000000736000000| PB 0x0000000736000000| Untracked 
| 679|0x0000000736400000, 0x0000000736400000, 0x0000000736800000|  0%| F|  |TAMS 0x0000000736400000| PB 0x0000000736400000| Untracked 
| 680|0x0000000736800000, 0x0000000736800000, 0x0000000736c00000|  0%| F|  |TAMS 0x0000000736800000| PB 0x0000000736800000| Untracked 
| 681|0x0000000736c00000, 0x0000000736c00000, 0x0000000737000000|  0%| F|  |TAMS 0x0000000736c00000| PB 0x0000000736c00000| Untracked 
| 682|0x0000000737000000, 0x0000000737000000, 0x0000000737400000|  0%| F|  |TAMS 0x0000000737000000| PB 0x0000000737000000| Untracked 
| 683|0x0000000737400000, 0x0000000737400000, 0x0000000737800000|  0%| F|  |TAMS 0x0000000737400000| PB 0x0000000737400000| Untracked 
| 684|0x0000000737800000, 0x0000000737800000, 0x0000000737c00000|  0%| F|  |TAMS 0x0000000737800000| PB 0x0000000737800000| Untracked 
| 685|0x0000000737c00000, 0x0000000737c00000, 0x0000000738000000|  0%| F|  |TAMS 0x0000000737c00000| PB 0x0000000737c00000| Untracked 
| 686|0x0000000738000000, 0x0000000738000000, 0x0000000738400000|  0%| F|  |TAMS 0x0000000738000000| PB 0x0000000738000000| Untracked 
| 687|0x0000000738400000, 0x0000000738400000, 0x0000000738800000|  0%| F|  |TAMS 0x0000000738400000| PB 0x0000000738400000| Untracked 
| 688|0x0000000738800000, 0x0000000738800000, 0x0000000738c00000|  0%| F|  |TAMS 0x0000000738800000| PB 0x0000000738800000| Untracked 
| 689|0x0000000738c00000, 0x0000000738c00000, 0x0000000739000000|  0%| F|  |TAMS 0x0000000738c00000| PB 0x0000000738c00000| Untracked 
| 690|0x0000000739000000, 0x0000000739000000, 0x0000000739400000|  0%| F|  |TAMS 0x0000000739000000| PB 0x0000000739000000| Untracked 
| 691|0x0000000739400000, 0x0000000739400000, 0x0000000739800000|  0%| F|  |TAMS 0x0000000739400000| PB 0x0000000739400000| Untracked 
| 692|0x0000000739800000, 0x0000000739800000, 0x0000000739c00000|  0%| F|  |TAMS 0x0000000739800000| PB 0x0000000739800000| Untracked 
| 693|0x0000000739c00000, 0x0000000739c00000, 0x000000073a000000|  0%| F|  |TAMS 0x0000000739c00000| PB 0x0000000739c00000| Untracked 
| 694|0x000000073a000000, 0x000000073a000000, 0x000000073a400000|  0%| F|  |TAMS 0x000000073a000000| PB 0x000000073a000000| Untracked 
| 695|0x000000073a400000, 0x000000073a400000, 0x000000073a800000|  0%| F|  |TAMS 0x000000073a400000| PB 0x000000073a400000| Untracked 
| 696|0x000000073a800000, 0x000000073a800000, 0x000000073ac00000|  0%| F|  |TAMS 0x000000073a800000| PB 0x000000073a800000| Untracked 
| 697|0x000000073ac00000, 0x000000073ac00000, 0x000000073b000000|  0%| F|  |TAMS 0x000000073ac00000| PB 0x000000073ac00000| Untracked 
| 698|0x000000073b000000, 0x000000073b000000, 0x000000073b400000|  0%| F|  |TAMS 0x000000073b000000| PB 0x000000073b000000| Untracked 
| 699|0x000000073b400000, 0x000000073b400000, 0x000000073b800000|  0%| F|  |TAMS 0x000000073b400000| PB 0x000000073b400000| Untracked 
| 700|0x000000073b800000, 0x000000073b800000, 0x000000073bc00000|  0%| F|  |TAMS 0x000000073b800000| PB 0x000000073b800000| Untracked 
| 701|0x000000073bc00000, 0x000000073c000000, 0x000000073c000000|100%| E|  |TAMS 0x000000073bc00000| PB 0x000000073bc00000| Complete 
| 702|0x000000073c000000, 0x000000073c400000, 0x000000073c400000|100%| E|CS|TAMS 0x000000073c000000| PB 0x000000073c000000| Complete 
| 703|0x000000073c400000, 0x000000073c800000, 0x000000073c800000|100%| E|CS|TAMS 0x000000073c400000| PB 0x000000073c400000| Complete 
| 704|0x000000073c800000, 0x000000073cc00000, 0x000000073cc00000|100%| E|CS|TAMS 0x000000073c800000| PB 0x000000073c800000| Complete 
| 705|0x000000073cc00000, 0x000000073d000000, 0x000000073d000000|100%| E|CS|TAMS 0x000000073cc00000| PB 0x000000073cc00000| Complete 
| 706|0x000000073d000000, 0x000000073d400000, 0x000000073d400000|100%| E|CS|TAMS 0x000000073d000000| PB 0x000000073d000000| Complete 
| 707|0x000000073d400000, 0x000000073d800000, 0x000000073d800000|100%| E|CS|TAMS 0x000000073d400000| PB 0x000000073d400000| Complete 
| 708|0x000000073d800000, 0x000000073dc00000, 0x000000073dc00000|100%| E|CS|TAMS 0x000000073d800000| PB 0x000000073d800000| Complete 
| 709|0x000000073dc00000, 0x000000073e000000, 0x000000073e000000|100%| E|CS|TAMS 0x000000073dc00000| PB 0x000000073dc00000| Complete 
| 710|0x000000073e000000, 0x000000073e400000, 0x000000073e400000|100%| E|CS|TAMS 0x000000073e000000| PB 0x000000073e000000| Complete 
| 711|0x000000073e400000, 0x000000073e800000, 0x000000073e800000|100%| E|CS|TAMS 0x000000073e400000| PB 0x000000073e400000| Complete 
| 712|0x000000073e800000, 0x000000073ec00000, 0x000000073ec00000|100%| E|CS|TAMS 0x000000073e800000| PB 0x000000073e800000| Complete 
| 713|0x000000073ec00000, 0x000000073f000000, 0x000000073f000000|100%| E|CS|TAMS 0x000000073ec00000| PB 0x000000073ec00000| Complete 
| 714|0x000000073f000000, 0x000000073f400000, 0x000000073f400000|100%| E|CS|TAMS 0x000000073f000000| PB 0x000000073f000000| Complete 
| 715|0x000000073f400000, 0x000000073f800000, 0x000000073f800000|100%| E|CS|TAMS 0x000000073f400000| PB 0x000000073f400000| Complete 
| 716|0x000000073f800000, 0x000000073fc00000, 0x000000073fc00000|100%| E|CS|TAMS 0x000000073f800000| PB 0x000000073f800000| Complete 
| 717|0x000000073fc00000, 0x0000000740000000, 0x0000000740000000|100%| E|CS|TAMS 0x000000073fc00000| PB 0x000000073fc00000| Complete 
| 718|0x0000000740000000, 0x0000000740400000, 0x0000000740400000|100%| E|CS|TAMS 0x0000000740000000| PB 0x0000000740000000| Complete 
|1485|0x00000007ffc00000, 0x0000000800000000, 0x0000000800000000|100%| O|  |TAMS 0x00000007ffc00000| PB 0x00000007ffc00000| Untracked 

Card table byte_map: [0x000002a8770b0000,0x000002a877c50000] _byte_map_base: 0x000002a873c4c000

Marking Bits: (CMBitMap*) 0x000002a87d95edb0
 Bits: [0x000002a877c50000, 0x000002a87d930000)

Polling page: 0x000002a85c610000

Metaspace:

Usage:
  Non-class:     73.11 MB used.
      Class:      8.81 MB used.
       Both:     81.92 MB used.

Virtual space:
  Non-class space:      128.00 MB reserved,      74.25 MB ( 58%) committed,  2 nodes.
      Class space:        1.00 GB reserved,       9.56 MB ( <1%) committed,  1 nodes.
             Both:        1.12 GB reserved,      83.81 MB (  7%) committed. 

Chunk freelists:
   Non-Class:  5.80 MB
       Class:  6.86 MB
        Both:  12.66 MB

MaxMetaspaceSize: unlimited
CompressedClassSpaceSize: 1.00 GB
Initial GC threshold: 21.00 MB
Current GC threshold: 139.69 MB
CDS: on
 - commit_granule_bytes: 65536.
 - commit_granule_words: 8192.
 - virtual_space_node_default_size: 8388608.
 - enlarge_chunks_in_place: 1.
 - use_allocation_guard: 0.


Internal statistics:

num_allocs_failed_limit: 9.
num_arena_births: 2086.
num_arena_deaths: 854.
num_vsnodes_births: 3.
num_vsnodes_deaths: 0.
num_space_committed: 1339.
num_space_uncommitted: 0.
num_chunks_returned_to_freelist: 1042.
num_chunks_taken_from_freelist: 5526.
num_chunk_merges: 391.
num_chunk_splits: 3940.
num_chunks_enlarged: 2842.
num_inconsistent_stats: 0.

CodeHeap 'non-profiled nmethods': size=120000Kb used=16911Kb max_used=17475Kb free=103088Kb
 bounds [0x000002a86ea90000, 0x000002a86fbb0000, 0x000002a875fc0000]
CodeHeap 'profiled nmethods': size=120000Kb used=39733Kb max_used=42936Kb free=80266Kb
 bounds [0x000002a866fc0000, 0x000002a8699e0000, 0x000002a86e4f0000]
CodeHeap 'non-nmethods': size=5760Kb used=1638Kb max_used=1733Kb free=4121Kb
 bounds [0x000002a86e4f0000, 0x000002a86e760000, 0x000002a86ea90000]
CodeCache: size=245760Kb, used=58282Kb, max_used=62144Kb, free=187475Kb
 total_blobs=13451, nmethods=12686, adapters=664, full_count=0
Compilation: enabled, stopped_count=0, restarted_count=0

Compilation events (20 events):
Event: 33271.733 Thread 0x000002a800684bf0 23559       3       org.javacs.kt.SourcePath::refreshWorkspaceIndexes$lambda$18 (40 bytes)
Event: 33271.733 Thread 0x000002a800684bf0 nmethod 23559 0x000002a867399390 code [0x000002a867399580, 0x000002a867399a28]
Event: 33271.734 Thread 0x000002a800684bf0 23560       3       org.javacs.kt.index.SymbolIndex$$Lambda/0x000002a80287c8c0::<init> (26 bytes)
Event: 33271.734 Thread 0x000002a800684bf0 nmethod 23560 0x000002a867c82e90 code [0x000002a867c83040, 0x000002a867c832d8]
Event: 33271.734 Thread 0x000002a800684bf0 23561       3       org.javacs.kt.index.SymbolIndex$$Lambda/0x000002a80287c8c0::invoke (24 bytes)
Event: 33271.735 Thread 0x000002a800684bf0 nmethod 23561 0x000002a867dbb890 code [0x000002a867dbba40, 0x000002a867dbbc98]
Event: 33271.735 Thread 0x000002a800684bf0 23562       3       org.javacs.kt.index.SymbolIndex::updateIndexes$lambda$5 (111 bytes)
Event: 33271.737 Thread 0x000002a800684bf0 nmethod 23562 0x000002a868b48810 code [0x000002a868b48e60, 0x000002a868b4c210]
Event: 33271.747 Thread 0x000002a800684bf0 23564   !   3       java.util.concurrent.ConcurrentHashMap::tryPresize (193 bytes)
Event: 33271.747 Thread 0x000002a800684bf0 nmethod 23564 0x000002a867df0110 code [0x000002a867df0320, 0x000002a867df0b20]
Event: 33271.747 Thread 0x000002a800684bf0 23565   !   3       org.h2.engine.Session::close (94 bytes)
Event: 33271.749 Thread 0x000002a800684bf0 nmethod 23565 0x000002a8683aa690 code [0x000002a8683aaa20, 0x000002a8683abd90]
Event: 33271.842 Thread 0x000002a800684bf0 23566       3       com.intellij.lexer.MergingLexerAdapter::<init> (24 bytes)
Event: 33271.843 Thread 0x000002a800684bf0 nmethod 23566 0x000002a867186c90 code [0x000002a867186ea0, 0x000002a867187518]
Event: 33271.843 Thread 0x000002a800684bf0 23567       3       com.intellij.lexer.MergingLexerAdapterBase::<init> (6 bytes)
Event: 33271.843 Thread 0x000002a800684bf0 nmethod 23567 0x000002a867134390 code [0x000002a867134560, 0x000002a8671348b8]
Event: 33271.843 Thread 0x000002a800684bf0 23568       3       com.intellij.lexer.MergingLexerAdapterBase::start (33 bytes)
Event: 33271.843 Thread 0x000002a800684bf0 nmethod 23568 0x000002a867244b90 code [0x000002a867244d40, 0x000002a867244f58]
Event: 33271.846 Thread 0x000002a800684bf0 23569       3       java.util.concurrent.locks.AbstractQueuedSynchronizer$ConditionObject::doSignal (62 bytes)
Event: 33271.846 Thread 0x000002a800684bf0 nmethod 23569 0x000002a86712f390 code [0x000002a86712f560, 0x000002a86712f958]

GC Heap History (20 events):
Event: 33188.770 GC heap before
{Heap before GC invocations=110 (full 0):
 garbage-first heap   total 983040K, used 840575K [0x000000068c800000, 0x0000000800000000)
  region size 4096K, 75 young (307200K), 11 survivors (45056K)
 Metaspace       used 83867K, committed 85056K, reserved 1179648K
  class space    used 9234K, committed 9792K, reserved 1048576K
}
Event: 33189.275 GC heap after
{Heap after GC invocations=111 (full 0):
 garbage-first heap   total 983040K, used 593920K [0x000000068c800000, 0x0000000800000000)
  region size 4096K, 3 young (12288K), 3 survivors (12288K)
 Metaspace       used 83867K, committed 85056K, reserved 1179648K
  class space    used 9234K, committed 9792K, reserved 1048576K
}
Event: 33213.436 GC heap before
{Heap before GC invocations=111 (full 0):
 garbage-first heap   total 983040K, used 884736K [0x000000068c800000, 0x0000000800000000)
  region size 4096K, 74 young (303104K), 3 survivors (12288K)
 Metaspace       used 83867K, committed 85056K, reserved 1179648K
  class space    used 9234K, committed 9792K, reserved 1048576K
}
Event: 33213.527 GC heap after
{Heap after GC invocations=112 (full 0):
 garbage-first heap   total 983040K, used 501708K [0x000000068c800000, 0x0000000800000000)
  region size 4096K, 3 young (12288K), 3 survivors (12288K)
 Metaspace       used 83867K, committed 85056K, reserved 1179648K
  class space    used 9234K, committed 9792K, reserved 1048576K
}
Event: 33228.725 GC heap before
{Heap before GC invocations=112 (full 0):
 garbage-first heap   total 983040K, used 772044K [0x000000068c800000, 0x0000000800000000)
  region size 4096K, 69 young (282624K), 3 survivors (12288K)
 Metaspace       used 83867K, committed 85056K, reserved 1179648K
  class space    used 9234K, committed 9792K, reserved 1048576K
}
Event: 33228.815 GC heap after
{Heap after GC invocations=113 (full 0):
 garbage-first heap   total 983040K, used 462900K [0x000000068c800000, 0x0000000800000000)
  region size 4096K, 3 young (12288K), 3 survivors (12288K)
 Metaspace       used 83867K, committed 85056K, reserved 1179648K
  class space    used 9234K, committed 9792K, reserved 1048576K
}
Event: 33241.345 GC heap before
{Heap before GC invocations=113 (full 0):
 garbage-first heap   total 983040K, used 704564K [0x000000068c800000, 0x0000000800000000)
  region size 4096K, 62 young (253952K), 3 survivors (12288K)
 Metaspace       used 83867K, committed 85056K, reserved 1179648K
  class space    used 9234K, committed 9792K, reserved 1048576K
}
Event: 33241.411 GC heap after
{Heap after GC invocations=114 (full 0):
 garbage-first heap   total 983040K, used 424895K [0x000000068c800000, 0x0000000800000000)
  region size 4096K, 3 young (12288K), 3 survivors (12288K)
 Metaspace       used 83867K, committed 85056K, reserved 1179648K
  class space    used 9234K, committed 9792K, reserved 1048576K
}
Event: 33258.134 GC heap before
{Heap before GC invocations=114 (full 0):
 garbage-first heap   total 983040K, used 687039K [0x000000068c800000, 0x0000000800000000)
  region size 4096K, 67 young (274432K), 3 survivors (12288K)
 Metaspace       used 83922K, committed 85120K, reserved 1179648K
  class space    used 9234K, committed 9792K, reserved 1048576K
}
Event: 33258.187 GC heap after
{Heap after GC invocations=115 (full 0):
 garbage-first heap   total 983040K, used 388300K [0x000000068c800000, 0x0000000800000000)
  region size 4096K, 3 young (12288K), 3 survivors (12288K)
 Metaspace       used 83922K, committed 85120K, reserved 1179648K
  class space    used 9234K, committed 9792K, reserved 1048576K
}
Event: 33263.156 GC heap before
{Heap before GC invocations=115 (full 0):
 garbage-first heap   total 983040K, used 679116K [0x000000068c800000, 0x0000000800000000)
  region size 4096K, 74 young (303104K), 3 survivors (12288K)
 Metaspace       used 84527K, committed 85696K, reserved 1179648K
  class space    used 9237K, committed 9792K, reserved 1048576K
}
Event: 33263.377 GC heap after
{Heap after GC invocations=116 (full 0):
 garbage-first heap   total 983040K, used 407009K [0x000000068c800000, 0x0000000800000000)
  region size 4096K, 10 young (40960K), 10 survivors (40960K)
 Metaspace       used 84527K, committed 85696K, reserved 1179648K
  class space    used 9237K, committed 9792K, reserved 1048576K
}
Event: 33263.743 GC heap before
{Heap before GC invocations=116 (full 0):
 garbage-first heap   total 983040K, used 415201K [0x000000068c800000, 0x0000000800000000)
  region size 4096K, 12 young (49152K), 10 survivors (40960K)
 Metaspace       used 84528K, committed 85696K, reserved 1179648K
  class space    used 9237K, committed 9792K, reserved 1048576K
}
Event: 33264.399 GC heap after
{Heap after GC invocations=117 (full 0):
 garbage-first heap   total 983040K, used 383306K [0x000000068c800000, 0x0000000800000000)
  region size 4096K, 2 young (8192K), 2 survivors (8192K)
 Metaspace       used 84528K, committed 85696K, reserved 1179648K
  class space    used 9237K, committed 9792K, reserved 1048576K
}
Event: 33264.721 GC heap before
{Heap before GC invocations=117 (full 0):
 garbage-first heap   total 983040K, used 424266K [0x000000068c800000, 0x0000000800000000)
  region size 4096K, 12 young (49152K), 2 survivors (8192K)
 Metaspace       used 84539K, committed 85696K, reserved 1179648K
  class space    used 9238K, committed 9792K, reserved 1048576K
}
Event: 33264.796 GC heap after
{Heap after GC invocations=118 (full 0):
 garbage-first heap   total 983040K, used 372736K [0x000000068c800000, 0x0000000800000000)
  region size 4096K, 2 young (8192K), 2 survivors (8192K)
 Metaspace       used 84539K, committed 85696K, reserved 1179648K
  class space    used 9238K, committed 9792K, reserved 1048576K
}
Event: 33267.198 GC heap before
{Heap before GC invocations=118 (full 0):
 garbage-first heap   total 983040K, used 516096K [0x000000068c800000, 0x0000000800000000)
  region size 4096K, 37 young (151552K), 2 survivors (8192K)
 Metaspace       used 84668K, committed 85824K, reserved 1179648K
  class space    used 9238K, committed 9792K, reserved 1048576K
}
Event: 33267.256 GC heap after
{Heap after GC invocations=119 (full 0):
 garbage-first heap   total 983040K, used 401408K [0x000000068c800000, 0x0000000800000000)
  region size 4096K, 5 young (20480K), 5 survivors (20480K)
 Metaspace       used 84668K, committed 85824K, reserved 1179648K
  class space    used 9238K, committed 9792K, reserved 1048576K
}
Event: 33270.272 GC heap before
{Heap before GC invocations=119 (full 0):
 garbage-first heap   total 983040K, used 344064K [0x000000068c800000, 0x0000000800000000)
  region size 4096K, 12 young (49152K), 5 survivors (20480K)
 Metaspace       used 83761K, committed 85824K, reserved 1179648K
  class space    used 9022K, committed 9792K, reserved 1048576K
}
Event: 33270.349 GC heap after
{Heap after GC invocations=120 (full 0):
 garbage-first heap   total 2949120K, used 324089K [0x000000068c800000, 0x0000000800000000)
  region size 4096K, 2 young (8192K), 2 survivors (8192K)
 Metaspace       used 83761K, committed 85824K, reserved 1179648K
  class space    used 9022K, committed 9792K, reserved 1048576K
}

Dll operation events (16 events):
Event: 0.012 Attempting to load shared library C:\Program Files\Eclipse Adoptium\jdk-21.0.12.101-hotspot\bin\java.dll
Event: 0.013 Loaded shared library C:\Program Files\Eclipse Adoptium\jdk-21.0.12.101-hotspot\bin\java.dll
Event: 0.072 Attempting to load shared library C:\Program Files\Eclipse Adoptium\jdk-21.0.12.101-hotspot\bin\jsvml.dll
Event: 0.075 Loaded shared library C:\Program Files\Eclipse Adoptium\jdk-21.0.12.101-hotspot\bin\jsvml.dll
Event: 0.185 Attempting to load shared library C:\Program Files\Eclipse Adoptium\jdk-21.0.12.101-hotspot\bin\net.dll
Event: 0.189 Loaded shared library C:\Program Files\Eclipse Adoptium\jdk-21.0.12.101-hotspot\bin\net.dll
Event: 0.193 Attempting to load shared library C:\Program Files\Eclipse Adoptium\jdk-21.0.12.101-hotspot\bin\nio.dll
Event: 0.196 Loaded shared library C:\Program Files\Eclipse Adoptium\jdk-21.0.12.101-hotspot\bin\nio.dll
Event: 0.203 Attempting to load shared library C:\Program Files\Eclipse Adoptium\jdk-21.0.12.101-hotspot\bin\zip.dll
Event: 0.209 Loaded shared library C:\Program Files\Eclipse Adoptium\jdk-21.0.12.101-hotspot\bin\zip.dll
Event: 0.422 Attempting to load shared library C:\Program Files\Eclipse Adoptium\jdk-21.0.12.101-hotspot\bin\jimage.dll
Event: 0.422 Loaded shared library C:\Program Files\Eclipse Adoptium\jdk-21.0.12.101-hotspot\bin\jimage.dll
Event: 2.714 Attempting to load shared library C:\Program Files\Eclipse Adoptium\jdk-21.0.12.101-hotspot\bin\verify.dll
Event: 2.717 Loaded shared library C:\Program Files\Eclipse Adoptium\jdk-21.0.12.101-hotspot\bin\verify.dll
Event: 5.702 Attempting to load shared library C:\Users\fat7i\AppData\Local\Temp\sqlite-3.41.2.1-e2046a83-754d-4c72-a694-55c8673d0e18-sqlitejdbc.dll
Event: 5.781 Loaded shared library C:\Users\fat7i\AppData\Local\Temp\sqlite-3.41.2.1-e2046a83-754d-4c72-a694-55c8673d0e18-sqlitejdbc.dll

Deoptimization events (20 events):
Event: 33264.930 Thread 0x000002a84731e080 DEOPT PACKING pc=0x000002a86fb52320 sp=0x000000d5febfcce0
Event: 33264.930 Thread 0x000002a84731e080 DEOPT UNPACKING pc=0x000002a86e544422 sp=0x000000d5febfcc48 mode 2
Event: 33264.945 Thread 0x000002a84731e080 Uncommon trap: trap_request=0xffffffbe fr.pc=0x000002a86fb52320 relative=0x0000000000000860
Event: 33264.945 Thread 0x000002a84731e080 Uncommon trap: reason=profile_predicate action=maybe_recompile pc=0x000002a86fb52320 method=org.jetbrains.kotlin.resolve.calls.checkers.BuilderFunctionsCallChecker.check(Lorg/jetbrains/kotlin/resolve/calls/model/ResolvedCall;Lcom/intellij/psi/PsiElement;L
Event: 33264.945 Thread 0x000002a84731e080 DEOPT PACKING pc=0x000002a86fb52320 sp=0x000000d5febfc510
Event: 33264.945 Thread 0x000002a84731e080 DEOPT UNPACKING pc=0x000002a86e544422 sp=0x000000d5febfc478 mode 2
Event: 33264.951 Thread 0x000002a84731e080 Uncommon trap: trap_request=0xffffffbe fr.pc=0x000002a86fb52320 relative=0x0000000000000860
Event: 33264.951 Thread 0x000002a84731e080 Uncommon trap: reason=profile_predicate action=maybe_recompile pc=0x000002a86fb52320 method=org.jetbrains.kotlin.resolve.calls.checkers.BuilderFunctionsCallChecker.check(Lorg/jetbrains/kotlin/resolve/calls/model/ResolvedCall;Lcom/intellij/psi/PsiElement;L
Event: 33264.951 Thread 0x000002a84731e080 DEOPT PACKING pc=0x000002a86fb52320 sp=0x000000d5febf5df0
Event: 33264.951 Thread 0x000002a84731e080 DEOPT UNPACKING pc=0x000002a86e544422 sp=0x000000d5febf5d58 mode 2
Event: 33265.873 Thread 0x000002a84731e080 Uncommon trap: trap_request=0xffffff66 fr.pc=0x000002a86fb720a4 relative=0x0000000000005c44
Event: 33265.873 Thread 0x000002a84731e080 Uncommon trap: reason=speculate_class_check action=maybe_recompile pc=0x000002a86fb720a4 method=org.jetbrains.kotlin.types.error.ErrorUtils.isUninferredTypeVariable(Lorg/jetbrains/kotlin/types/KotlinType;)Z @ 7 c2
Event: 33265.873 Thread 0x000002a84731e080 DEOPT PACKING pc=0x000002a86fb720a4 sp=0x000000d5febf64c0
Event: 33265.873 Thread 0x000002a84731e080 DEOPT UNPACKING pc=0x000002a86e544422 sp=0x000000d5febf60d0 mode 2
Event: 33265.873 Thread 0x000002a84731e080 Uncommon trap: trap_request=0xffffff66 fr.pc=0x000002a86fb720a4 relative=0x0000000000005c44
Event: 33265.873 Thread 0x000002a84731e080 Uncommon trap: reason=speculate_class_check action=maybe_recompile pc=0x000002a86fb720a4 method=org.jetbrains.kotlin.types.error.ErrorUtils.isUninferredTypeVariable(Lorg/jetbrains/kotlin/types/KotlinType;)Z @ 7 c2
Event: 33265.873 Thread 0x000002a84731e080 DEOPT PACKING pc=0x000002a86fb720a4 sp=0x000000d5febf64c0
Event: 33265.873 Thread 0x000002a84731e080 DEOPT UNPACKING pc=0x000002a86e544422 sp=0x000000d5febf60d0 mode 2
Event: 33269.670 Thread 0x000002a84731e080 DEOPT PACKING pc=0x000002a8674fc3cb sp=0x000000d5febfde10
Event: 33269.670 Thread 0x000002a84731e080 DEOPT UNPACKING pc=0x000002a86e544bc2 sp=0x000000d5febfd288 mode 0

Classes loaded (20 events):
Event: 309.274 Loading class java/util/AbstractList$RandomAccessSubList
Event: 309.274 Loading class java/util/AbstractList$RandomAccessSubList done
Event: 309.446 Loading class java/lang/Character$UnicodeBlock
Event: 309.448 Loading class java/lang/Character$Subset
Event: 309.448 Loading class java/lang/Character$Subset done
Event: 309.448 Loading class java/lang/Character$UnicodeBlock done
Event: 310.655 Loading class java/util/concurrent/CompletableFuture$AsyncRun
Event: 310.655 Loading class java/util/concurrent/CompletableFuture$AsyncRun done
Event: 311.143 Loading class java/util/function/IntBinaryOperator
Event: 311.143 Loading class java/util/function/IntBinaryOperator done
Event: 312.091 Loading class java/util/stream/SliceOps
Event: 312.091 Loading class java/util/stream/SliceOps done
Event: 312.091 Loading class java/util/stream/SliceOps$1
Event: 312.091 Loading class java/util/stream/SliceOps$1 done
Event: 312.093 Loading class java/util/stream/Nodes$SpinedNodeBuilder
Event: 312.094 Loading class java/util/stream/Nodes$SpinedNodeBuilder done
Event: 312.095 Loading class java/util/stream/SliceOps$1$1
Event: 312.095 Loading class java/util/stream/SliceOps$1$1 done
Event: 313.502 Loading class java/util/concurrent/locks/ReentrantReadWriteLock$Sync$HoldCounter
Event: 313.503 Loading class java/util/concurrent/locks/ReentrantReadWriteLock$Sync$HoldCounter done

Classes unloaded (20 events):
Event: 33268.173 Thread 0x000002a87db1d1b0 Unloading class 0x000002a8022e4000 'java/lang/invoke/LambdaForm$MH+0x000002a8022e4000'
Event: 33268.180 Thread 0x000002a87db1d1b0 Unloading class 0x000002a8022bc000 'java/lang/invoke/LambdaForm$MH+0x000002a8022bc000'
Event: 33268.181 Thread 0x000002a87db1d1b0 Unloading class 0x000002a8021ac000 'java/lang/invoke/LambdaForm$MH+0x000002a8021ac000'
Event: 33268.181 Thread 0x000002a87db1d1b0 Unloading class 0x000002a8021abc00 'java/lang/invoke/LambdaForm$MH+0x000002a8021abc00'
Event: 33268.181 Thread 0x000002a87db1d1b0 Unloading class 0x000002a8021ab800 'java/lang/invoke/LambdaForm$MH+0x000002a8021ab800'
Event: 33268.181 Thread 0x000002a87db1d1b0 Unloading class 0x000002a8021ab400 'java/lang/invoke/LambdaForm$MH+0x000002a8021ab400'
Event: 33268.181 Thread 0x000002a87db1d1b0 Unloading class 0x000002a8021ab000 'java/lang/invoke/LambdaForm$MH+0x000002a8021ab000'
Event: 33268.181 Thread 0x000002a87db1d1b0 Unloading class 0x000002a8021aac00 'java/lang/invoke/LambdaForm$BMH+0x000002a8021aac00'
Event: 33268.181 Thread 0x000002a87db1d1b0 Unloading class 0x000002a8020e0800 'java/lang/invoke/LambdaForm$DMH+0x000002a8020e0800'
Event: 33268.181 Thread 0x000002a87db1d1b0 Unloading class 0x000002a8020d3400 'java/lang/invoke/LambdaForm$BMH+0x000002a8020d3400'
Event: 33268.181 Thread 0x000002a87db1d1b0 Unloading class 0x000002a8020d1400 'java/lang/invoke/LambdaForm$BMH+0x000002a8020d1400'
Event: 33268.181 Thread 0x000002a87db1d1b0 Unloading class 0x000002a8020d0400 'java/lang/invoke/LambdaForm$BMH+0x000002a8020d0400'
Event: 33268.182 Thread 0x000002a87db1d1b0 Unloading class 0x000002a8020cf400 'java/lang/invoke/LambdaForm$BMH+0x000002a8020cf400'
Event: 33268.182 Thread 0x000002a87db1d1b0 Unloading class 0x000002a8020ce400 'java/lang/invoke/LambdaForm$BMH+0x000002a8020ce400'
Event: 33268.182 Thread 0x000002a87db1d1b0 Unloading class 0x000002a8020ccc00 'java/lang/invoke/LambdaForm$BMH+0x000002a8020ccc00'
Event: 33268.182 Thread 0x000002a87db1d1b0 Unloading class 0x000002a8020b0000 'java/lang/invoke/LambdaForm$DMH+0x000002a8020b0000'
Event: 33268.182 Thread 0x000002a87db1d1b0 Unloading class 0x000002a802014800 'java/lang/invoke/LambdaForm$DMH+0x000002a802014800'
Event: 33268.182 Thread 0x000002a87db1d1b0 Unloading class 0x000002a802014000 'java/lang/invoke/LambdaForm$DMH+0x000002a802014000'
Event: 33268.182 Thread 0x000002a87db1d1b0 Unloading class 0x000002a80200ac00 'java/lang/invoke/LambdaForm$MH+0x000002a80200ac00'
Event: 33268.182 Thread 0x000002a87db1d1b0 Unloading class 0x000002a802008800 'java/lang/invoke/LambdaForm$MH+0x000002a802008800'

Classes redefined (0 events):
No events

Internal exceptions (20 events):
Event: 3224.393 Thread 0x000002a8520b5920 Implicit null exception at 0x000002a86f60dcf2 to 0x000002a86f60e426
Event: 3224.412 Thread 0x000002a8520b5920 Implicit null exception at 0x000002a86f6c17fd to 0x000002a86f6c3f54
Event: 3225.775 Thread 0x000002a8520b5920 Implicit null exception at 0x000002a86f5eb393 to 0x000002a86f5eb578
Event: 3225.776 Thread 0x000002a8520b5920 Implicit null exception at 0x000002a86f5f37d7 to 0x000002a86f5f3be0
Event: 3226.107 Thread 0x000002a84731e080 Implicit null exception at 0x000002a86f25c0cc to 0x000002a86f25f700
Event: 3227.000 Thread 0x000002a84731e080 Implicit null exception at 0x000002a86f3b61ab to 0x000002a86f3b67f6
Event: 3227.033 Thread 0x000002a84731e080 Implicit null exception at 0x000002a86f316fc3 to 0x000002a86f3177d1
Event: 3228.290 Thread 0x000002a8520b5920 Implicit null exception at 0x000002a86f87722f to 0x000002a86f87b118
Event: 3228.290 Thread 0x000002a8520b5920 Implicit null exception at 0x000002a86f8a4313 to 0x000002a86f8a4446
Event: 33160.718 Thread 0x000002a84731e080 Exception <a 'sun/nio/fs/WindowsException'{0x00000006c5975bb0}> (0x00000006c5975bb0) 
thrown [s\src\hotspot\share\prims\jni.cpp, line 520]
Event: 33160.756 Thread 0x000002a84731e080 Exception <a 'sun/nio/fs/WindowsException'{0x00000006c5975f68}> (0x00000006c5975f68) 
thrown [s\src\hotspot\share\prims\jni.cpp, line 520]
Event: 33160.786 Thread 0x000002a84731e080 Exception <a 'sun/nio/fs/WindowsException'{0x00000006c5976320}> (0x00000006c5976320) 
thrown [s\src\hotspot\share\prims\jni.cpp, line 520]
Event: 33160.787 Thread 0x000002a84731e080 Exception <a 'sun/nio/fs/WindowsException'{0x00000006c59766d8}> (0x00000006c59766d8) 
thrown [s\src\hotspot\share\prims\jni.cpp, line 520]
Event: 33160.787 Thread 0x000002a84731e080 Exception <a 'sun/nio/fs/WindowsException'{0x00000006c5976a90}> (0x00000006c5976a90) 
thrown [s\src\hotspot\share\prims\jni.cpp, line 520]
Event: 33160.787 Thread 0x000002a84731e080 Exception <a 'sun/nio/fs/WindowsException'{0x00000006c5976e48}> (0x00000006c5976e48) 
thrown [s\src\hotspot\share\prims\jni.cpp, line 520]
Event: 33250.722 Thread 0x000002a84731e080 Exception <a 'sun/nio/fs/WindowsException'{0x00000006ba302f48}> (0x00000006ba302f48) 
thrown [s\src\hotspot\share\prims\jni.cpp, line 520]
Event: 33250.724 Thread 0x000002a84731e080 Exception <a 'sun/nio/fs/WindowsException'{0x00000006ba303558}> (0x00000006ba303558) 
thrown [s\src\hotspot\share\prims\jni.cpp, line 520]
Event: 33259.817 Thread 0x000002a8520b5920 Implicit null exception at 0x000002a86fa0dcff to 0x000002a86fa11a1c
Event: 33259.819 Thread 0x000002a8520b5920 Implicit null exception at 0x000002a86f97bb93 to 0x000002a86f97bcc6
Event: 33261.290 Thread 0x000002a84731e080 Implicit null exception at 0x000002a86faca9ab to 0x000002a86facc654

ZGC Phase Switch (0 events):
No events

VM Operations (20 events):
Event: 33262.593 Executing safepoint VM operation: ICBufferFull
Event: 33262.602 Executing safepoint VM operation: ICBufferFull done
Event: 33263.155 Executing safepoint VM operation: G1CollectForAllocation (G1 Evacuation Pause)
Event: 33263.377 Executing safepoint VM operation: G1CollectForAllocation (G1 Evacuation Pause) done
Event: 33263.567 Executing safepoint VM operation: G1CollectForAllocation (G1 Evacuation Pause)
Event: 33264.400 Executing safepoint VM operation: G1CollectForAllocation (G1 Evacuation Pause) done
Event: 33264.720 Executing safepoint VM operation: G1CollectForAllocation (G1 Evacuation Pause)
Event: 33264.796 Executing safepoint VM operation: G1CollectForAllocation (G1 Evacuation Pause) done
Event: 33265.808 Executing safepoint VM operation: Cleanup
Event: 33265.854 Executing safepoint VM operation: Cleanup done
Event: 33266.856 Executing safepoint VM operation: Cleanup
Event: 33267.012 Executing safepoint VM operation: Cleanup done
Event: 33267.029 Executing safepoint VM operation: G1CollectForAllocation (G1 Evacuation Pause)
Event: 33267.256 Executing safepoint VM operation: G1CollectForAllocation (G1 Evacuation Pause) done
Event: 33268.146 Executing safepoint VM operation: G1PauseRemark
Event: 33269.454 Executing safepoint VM operation: G1PauseRemark done
Event: 33269.961 Executing safepoint VM operation: G1CollectForAllocation (G1 Evacuation Pause)
Event: 33270.349 Executing safepoint VM operation: G1CollectForAllocation (G1 Evacuation Pause) done
Event: 33271.149 Executing safepoint VM operation: G1PauseCleanup
Event: 33271.150 Executing safepoint VM operation: G1PauseCleanup done

Memory protections (0 events):
No events

Nmethod flushes (20 events):
Event: 33269.393 Thread 0x000002a87db1d1b0 flushing  nmethod 0x000002a868825210
Event: 33269.393 Thread 0x000002a87db1d1b0 flushing  nmethod 0x000002a86882c590
Event: 33269.393 Thread 0x000002a87db1d1b0 flushing  nmethod 0x000002a868830810
Event: 33269.393 Thread 0x000002a87db1d1b0 flushing  nmethod 0x000002a86885f090
Event: 33269.393 Thread 0x000002a87db1d1b0 flushing  nmethod 0x000002a868860210
Event: 33269.393 Thread 0x000002a87db1d1b0 flushing  nmethod 0x000002a868864490
Event: 33269.393 Thread 0x000002a87db1d1b0 flushing  nmethod 0x000002a868a92290
Event: 33269.393 Thread 0x000002a87db1d1b0 flushing  nmethod 0x000002a868a9a090
Event: 33269.393 Thread 0x000002a87db1d1b0 flushing  nmethod 0x000002a868aa2110
Event: 33269.393 Thread 0x000002a87db1d1b0 flushing  nmethod 0x000002a868aa8c10
Event: 33269.393 Thread 0x000002a87db1d1b0 flushing  nmethod 0x000002a868be5310
Event: 33269.393 Thread 0x000002a87db1d1b0 flushing  nmethod 0x000002a868be5990
Event: 33269.393 Thread 0x000002a87db1d1b0 flushing  nmethod 0x000002a868d07490
Event: 33269.393 Thread 0x000002a87db1d1b0 flushing  nmethod 0x000002a868de4390
Event: 33269.394 Thread 0x000002a87db1d1b0 flushing  nmethod 0x000002a868ed5a10
Event: 33269.395 Thread 0x000002a87db1d1b0 flushing  nmethod 0x000002a868ed7590
Event: 33269.395 Thread 0x000002a87db1d1b0 flushing  nmethod 0x000002a86957af90
Event: 33269.395 Thread 0x000002a87db1d1b0 flushing  nmethod 0x000002a869580410
Event: 33269.395 Thread 0x000002a87db1d1b0 flushing  nmethod 0x000002a869580810
Event: 33269.395 Thread 0x000002a87db1d1b0 flushing  nmethod 0x000002a869581010

Events (20 events):
Event: 316.048 Thread 0x000002a8474905a0 Thread exited: 0x000002a8474905a0
Event: 316.055 Thread 0x000002a850be8c80 Thread exited: 0x000002a850be8c80
Event: 316.695 Thread 0x000002a800684bf0 Thread added: 0x000002a84748ea60
Event: 317.752 Thread 0x000002a800684bf0 Thread added: 0x000002a847490c70
Event: 324.187 Thread 0x000002a84731e080 Thread added: 0x000002a858ef2b60
Event: 329.019 Thread 0x000002a847490c70 Thread exited: 0x000002a847490c70
Event: 329.019 Thread 0x000002a84748ea60 Thread exited: 0x000002a84748ea60
Event: 329.872 Thread 0x000002a800684bf0 Thread added: 0x000002a847490c70
Event: 329.872 Thread 0x000002a800684bf0 Thread added: 0x000002a84748e390
Event: 335.893 Thread 0x000002a84748e390 Thread exited: 0x000002a84748e390
Event: 340.813 Thread 0x000002a847490c70 Thread exited: 0x000002a847490c70
Event: 390.747 Thread 0x000002a858ef2b60 Thread exited: 0x000002a858ef2b60
Event: 3181.063 Thread 0x000002a800684bf0 Thread added: 0x000002a84748e390
Event: 3182.104 Thread 0x000002a84748e390 Thread exited: 0x000002a84748e390
Event: 3223.078 Thread 0x000002a800684bf0 Thread added: 0x000002a847490c70
Event: 3223.368 Thread 0x000002a847490c70 Thread exited: 0x000002a847490c70
Event: 3223.380 Thread 0x000002a80067f610 Thread added: 0x000002a847490c70
Event: 3223.956 Thread 0x000002a847490c70 Thread exited: 0x000002a847490c70
Event: 3225.516 Thread 0x000002a800684bf0 Thread added: 0x000002a847490c70
Event: 3238.103 Thread 0x000002a847490c70 Thread exited: 0x000002a847490c70


Dynamic libraries:
0x00007ff7ddf80000 - 0x00007ff7ddf8e000 	C:\Program Files\Eclipse Adoptium\jdk-21.0.12.101-hotspot\bin\java.exe
0x00007ffeb6920000 - 0x00007ffeb6b87000 	C:\WINDOWS\SYSTEM32\ntdll.dll
0x00007ffeb6320000 - 0x00007ffeb63eb000 	C:\WINDOWS\System32\KERNEL32.DLL
0x00007ffeb4070000 - 0x00007ffeb4472000 	C:\WINDOWS\System32\KERNELBASE.dll
0x00007ffeb3f10000 - 0x00007ffeb405c000 	C:\WINDOWS\System32\ucrtbase.dll
0x00007ffe8cc90000 - 0x00007ffe8cca8000 	C:\Program Files\Eclipse Adoptium\jdk-21.0.12.101-hotspot\bin\jli.dll
0x00007ffeb58b0000 - 0x00007ffeb5a7f000 	C:\WINDOWS\System32\USER32.dll
0x00007ffeb4610000 - 0x00007ffeb4637000 	C:\WINDOWS\System32\win32u.dll
0x00007ffeb67a0000 - 0x00007ffeb67cb000 	C:\WINDOWS\System32\GDI32.dll
0x00007ffeb3b20000 - 0x00007ffeb3c49000 	C:\WINDOWS\System32\gdi32full.dll
0x00007ffeb3c50000 - 0x00007ffeb3cf3000 	C:\WINDOWS\System32\msvcp_win.dll
0x00007ffe92660000 - 0x00007ffe928f0000 	C:\WINDOWS\WinSxS\amd64_microsoft.windows.common-controls_6595b64144ccf1df_6.0.26100.9278_none_3e0d1ba8e3303201\COMCTL32.dll
0x00007ffeb64f0000 - 0x00007ffeb6599000 	C:\WINDOWS\System32\msvcrt.dll
0x00007ffe8e980000 - 0x00007ffe8e99e000 	C:\Program Files\Eclipse Adoptium\jdk-21.0.12.101-hotspot\bin\VCRUNTIME140.dll
0x00007ffeb50b0000 - 0x00007ffeb50e1000 	C:\WINDOWS\System32\IMM32.DLL
0x00007ffe88660000 - 0x00007ffe88752000 	C:\Program Files\Windhawk\Engine\1.7.3\64\windhawk.dll
0x00007ffeb6230000 - 0x00007ffeb62ec000 	C:\WINDOWS\System32\ADVAPI32.dll
0x00007ffeb4700000 - 0x00007ffeb47a9000 	C:\WINDOWS\System32\sechost.dll
0x00007ffeb5700000 - 0x00007ffeb5818000 	C:\WINDOWS\System32\RPCRT4.dll
0x00007ffe88810000 - 0x00007ffe8883a000 	C:\ProgramData\Windhawk\Engine\Mods\64\explorer-details-better-file-sizes_1.5_231196.dll
0x00007ffeb50f0000 - 0x00007ffeb528a000 	C:\WINDOWS\System32\ole32.dll
0x00007ffeb5370000 - 0x00007ffeb56f5000 	C:\WINDOWS\System32\combase.dll
0x00007ffeb5290000 - 0x00007ffeb5369000 	C:\WINDOWS\System32\OLEAUT32.dll
0x00007ffeb4900000 - 0x00007ffeb5098000 	C:\WINDOWS\System32\SHELL32.dll
0x00007ffeae2d0000 - 0x00007ffeae3c5000 	C:\WINDOWS\SYSTEM32\PROPSYS.dll
0x00007ffe88380000 - 0x00007ffe88529000 	C:\ProgramData\Windhawk\Engine\Mods\64\libc++.whl
0x00007ffe887d0000 - 0x00007ffe8880a000 	C:\ProgramData\Windhawk\Engine\Mods\64\libunwind.whl
0x00007ffea96c0000 - 0x00007ffea96cc000 	C:\Program Files\Eclipse Adoptium\jdk-21.0.12.101-hotspot\bin\vcruntime140_1.dll
0x00007ffdf3580000 - 0x00007ffdf360d000 	C:\Program Files\Eclipse Adoptium\jdk-21.0.12.101-hotspot\bin\msvcp140.dll
0x00007ffdb4100000 - 0x00007ffdb4ea2000 	C:\Program Files\Eclipse Adoptium\jdk-21.0.12.101-hotspot\bin\server\jvm.dll
0x00007ffeb6460000 - 0x00007ffeb64e0000 	C:\WINDOWS\System32\WS2_32.dll
0x00007ffeb3980000 - 0x00007ffeb39de000 	C:\WINDOWS\SYSTEM32\POWRPROF.dll
0x00007ffea52c0000 - 0x00007ffea52f6000 	C:\WINDOWS\SYSTEM32\WINMM.dll
0x00007ffeaaaa0000 - 0x00007ffeaaaab000 	C:\WINDOWS\SYSTEM32\VERSION.dll
0x00007ffeb3960000 - 0x00007ffeb3975000 	C:\WINDOWS\SYSTEM32\UMPDC.dll
0x00007ffeb27f0000 - 0x00007ffeb280b000 	C:\WINDOWS\SYSTEM32\kernel.appcore.dll
0x00007ffea9460000 - 0x00007ffea946a000 	C:\Program Files\Eclipse Adoptium\jdk-21.0.12.101-hotspot\bin\jimage.dll
0x00007ffea46e0000 - 0x00007ffea492c000 	C:\WINDOWS\SYSTEM32\DBGHELP.DLL
0x00007ffe8c670000 - 0x00007ffe8c6ab000 	C:\WINDOWS\SYSTEM32\dbgcore.DLL
0x00007ffeb3e50000 - 0x00007ffeb3efc000 	C:\WINDOWS\System32\bcryptPrimitives.dll
0x00007ffe8ad30000 - 0x00007ffe8ad50000 	C:\Program Files\Eclipse Adoptium\jdk-21.0.12.101-hotspot\bin\java.dll
0x00007ffeb1550000 - 0x00007ffeb1dfe000 	C:\WINDOWS\SYSTEM32\windows.storage.dll
0x00007ffeb67d0000 - 0x00007ffeb68cb000 	C:\WINDOWS\System32\SHCORE.dll
0x00007ffeb63f0000 - 0x00007ffeb6456000 	C:\WINDOWS\System32\shlwapi.dll
0x00007ffeb3a40000 - 0x00007ffeb3a69000 	C:\WINDOWS\SYSTEM32\profapi.dll
0x00007ffdd7db0000 - 0x00007ffdd7e87000 	C:\Program Files\Eclipse Adoptium\jdk-21.0.12.101-hotspot\bin\jsvml.dll
0x00007ffea93c0000 - 0x00007ffea93d0000 	C:\Program Files\Eclipse Adoptium\jdk-21.0.12.101-hotspot\bin\net.dll
0x00007ffeabb20000 - 0x00007ffeabc4a000 	C:\WINDOWS\SYSTEM32\WINHTTP.dll
0x00007ffeb2db0000 - 0x00007ffeb2e1c000 	C:\WINDOWS\system32\mswsock.dll
0x00007ffe85240000 - 0x00007ffe85256000 	C:\Program Files\Eclipse Adoptium\jdk-21.0.12.101-hotspot\bin\nio.dll
0x00007ffe82ec0000 - 0x00007ffe82ed8000 	C:\Program Files\Eclipse Adoptium\jdk-21.0.12.101-hotspot\bin\zip.dll
0x00007ffeb30a0000 - 0x00007ffeb30bb000 	C:\WINDOWS\SYSTEM32\CRYPTSP.dll
0x00007ffeb2750000 - 0x00007ffeb2789000 	C:\WINDOWS\system32\rsaenh.dll
0x00007ffeb2e60000 - 0x00007ffeb2e94000 	C:\WINDOWS\SYSTEM32\USERENV.dll
0x00007ffeb3a10000 - 0x00007ffeb3a3a000 	C:\WINDOWS\SYSTEM32\bcrypt.dll
0x00007ffeb30c0000 - 0x00007ffeb30cc000 	C:\WINDOWS\SYSTEM32\CRYPTBASE.dll
0x00007ffeb2220000 - 0x00007ffeb2253000 	C:\WINDOWS\SYSTEM32\IPHLPAPI.DLL
0x00007ffeb68d0000 - 0x00007ffeb68da000 	C:\WINDOWS\System32\NSI.dll
0x00007ffea9330000 - 0x00007ffea9340000 	C:\Program Files\Eclipse Adoptium\jdk-21.0.12.101-hotspot\bin\verify.dll
0x00007ffdfa2a0000 - 0x00007ffdfa389000 	C:\Users\fat7i\AppData\Local\Temp\sqlite-3.41.2.1-e2046a83-754d-4c72-a694-55c8673d0e18-sqlitejdbc.dll

JVMTI agents: none

dbghelp: loaded successfully - version: 4.0.5 - missing functions: none
symbol engine: initialized successfully - sym options: 0x614 - pdb path: .;C:\Program Files\Eclipse Adoptium\jdk-21.0.12.101-hotspot\bin;C:\WINDOWS\SYSTEM32;C:\WINDOWS\WinSxS\amd64_microsoft.windows.common-controls_6595b64144ccf1df_6.0.26100.9278_none_3e0d1ba8e3303201;C:\Program Files\Windhawk\Engine\1.7.3\64;C:\ProgramData\Windhawk\Engine\Mods\64;C:\Program Files\Eclipse Adoptium\jdk-21.0.12.101-hotspot\bin\server;C:\Users\fat7i\AppData\Local\Temp

VM Arguments:
jvm_args: -DkotlinLanguageServer.version=1.3.13 
java_command: org.javacs.kt.MainKt
java_class_path (initial): c:\Users\fat7i\AppData\Roaming\Code\User\globalStorage\fwcd.kotlin\langServerInstall\server\lib\server-1.3.13.jar;c:\Users\fat7i\AppData\Roaming\Code\User\globalStorage\fwcd.kotlin\langServerInstall\server\lib\shared-1.3.13.jar;c:\Users\fat7i\AppData\Roaming\Code\User\globalStorage\fwcd.kotlin\langServerInstall\server\lib\kotlin-scripting-jvm-host-unshaded-2.1.0.jar;c:\Users\fat7i\AppData\Roaming\Code\User\globalStorage\fwcd.kotlin\langServerInstall\server\lib\kotlin-scripting-compiler-2.1.0.jar;c:\Users\fat7i\AppData\Roaming\Code\User\globalStorage\fwcd.kotlin\langServerInstall\server\lib\ktfmt-b5d31d1.jar;c:\Users\fat7i\AppData\Roaming\Code\User\globalStorage\fwcd.kotlin\langServerInstall\server\lib\kotlin-compiler-2.1.0.jar;c:\Users\fat7i\AppData\Roaming\Code\User\globalStorage\fwcd.kotlin\langServerInstall\server\lib\exposed-dao-0.37.3.jar;c:\Users\fat7i\AppData\Roaming\Code\User\globalStorage\fwcd.kotlin\langServerInstall\server\lib\exposed-jdbc-0.37.3.jar;c:\Users\fat7i\AppData\Roaming\Code\User\globalStorage\fwcd.kotlin\langServerInstall\server\lib\exposed-core-0.37.3.jar;c:\Users\fat7i\AppData\Roaming\Code\User\globalStorage\fwcd.kotlin\langServerInstall\server\lib\kotlin-scripting-compiler-impl-2.1.0.jar;c:\Users\fat7i\AppData\Roaming\Code\User\globalStorage\fwcd.kotlin\langServerInstall\server\lib\kotlin-reflect-2.1.0.jar;c:\Users\fat7i\AppData\Roaming\Code\User\globalStorage\fwcd.kotlin\langServerInstall\server\lib\kotlin-scripting-jvm-2.1.0.jar;c:\Users\fat7i\AppData\Roaming\Code\User\globalStorage\fwcd.kotlin\langServerInstall\server\lib\kotlin-scripting-common-2.1.0.jar;c:\Users\fat7i\AppData\Roaming\Code\User\globalStorage\fwcd.kotlin\langServerInstall\server\lib\kotlinx-coroutines-core-jvm-1.6.4.jar;c:\Users\fat7i\AppData\Roaming\Code\User\globalStorage\fwcd.kotlin\langServerInstall\server\lib\kotlin-stdlib-jdk8-2.1.0.jar;c:\Users\fat7i\AppData\Roaming\Code\User\globalStorage\fwcd.kotlin\langServerInstall\server\lib\kotlin-stdlib-jdk7-2.1.0.jar;c:\Users\fat7i\AppData\Roaming\Code\User\globalStorage\fwcd.kotlin\langServerInstall\server\lib\kotlin-stdlib-2.1.0.jar;c:\Users\fat7i\AppData\Roaming\Code\User\globalStorage\fwcd.kotlin\langServerInstall\server\lib\org.eclipse.lsp4j-0.21.2.jar;c:\Users\fat7i\AppData\Roaming\Code\User\globalStorage\fwcd.kotlin\langServerInstall\server\lib\org.eclipse.lsp4j.jsonrpc-0.21.2.jar;c:\Users\fat7i\AppData\Roaming\Code\User\globalStorage\fwcd.kotlin\langServerInstall\server\lib\kotlin-sam-with-receiver-compiler-plugin-2.1.0.jar;c:\Users\fat7i\AppData\Roaming\Code\User\globalStorage\fwcd.kotlin\langServerInstall\server\lib\fernflower-1.0.jar;c:\Users\fat7i\AppData\Roaming\Code\User\globalStorage\fwcd.kotlin\langServerInstall\server\lib\h2-1.4.200.jar;c:\Users\fat7i\AppData\Roaming\Code\User\globalStorage\fwcd.kotlin\langServerInstall\server\lib\jcommander-1.78.jar;c:\Users\fat7i\AppData\Roaming\Code\User\globalStorage\fwcd.kotlin\langServerInstall\server\lib\sqlite-jdbc-3.41.2.1.jar;c:\Users\fat7i\AppData\Roaming\Code\User\globalStorage\fwcd.kotlin\langServerInstall\server\lib\google-java-format-1.8.jar;c:\Users\fat7i\AppData\Roaming\Code\User\globalStorage\fwcd.kotlin\langServerInstall\server\lib\guava-33.3.0-jre.jar;c:\Users\fat7i\AppData\Roaming\Code\User\globalStorage\fwcd.kotlin\langServerInstall\server\lib\annotations-13.0.jar;c:\Users\fat7i\AppData\Roaming\Code\User\globalStorage\fwcd.kotlin\langServerInstall\server\lib\gson-2.10.1.jar;c:\Users\fat7i\AppData\Roaming\Code\User\globalStorage\fwcd.kotlin\langServerInstall\server\lib\kotlin-script-runtime-2.1.0.jar;c:\Users\fat7i\AppData\Roaming\Code\User\globalStorage\fwcd.kotlin\langServerInstall\server\lib\trove4j-1.0.20200330.jar;c:\Users\fat7i\AppData\Roaming\Code\User\globalStorage\fwcd.kotlin\langServerInstall\server\lib\jline-3.24.1.jar;c:\Users\fat7i\AppData\Roaming\Code\User\globalStorage\fwcd.kotlin\langServerInstall\server\lib\slf4j-api-1.7.25.jar;c:\Users\fat7i\AppData\Roaming\Code\User\globalStorage\fwcd.kotlin\langServerInstall\server\lib\jna-4.2.2.jar;c:\Users\fat7i\AppData\Roaming\Code\User\globalStorage\fwcd.kotlin\langServerInstall\server\lib\failureaccess-1.0.2.jar;c:\Users\fat7i\AppData\Roaming\Code\User\globalStorage\fwcd.kotlin\langServerInstall\server\lib\listenablefuture-9999.0-empty-to-avoid-conflict-with-guava.jar;c:\Users\fat7i\AppData\Roaming\Code\User\globalStorage\fwcd.kotlin\langServerInstall\server\lib\jsr305-3.0.2.jar;c:\Users\fat7i\AppData\Roaming\Code\User\globalStorage\fwcd.kotlin\langServerInstall\server\lib\checker-qual-3.43.0.jar;c:\Users\fat7i\AppData\Roaming\Code\User\globalStorage\fwcd.kotlin\langServerInstall\server\lib\error_prone_annotations-2.28.0.jar
Launcher Type: SUN_STANDARD

[Global flags]
     intx CICompilerCount                          = 4                                         {product} {ergonomic}
     uint ConcGCThreads                            = 3                                         {product} {ergonomic}
     uint G1ConcRefinementThreads                  = 10                                        {product} {ergonomic}
   size_t G1HeapRegionSize                         = 4194304                                   {product} {ergonomic}
    uintx GCDrainStackTargetSize                   = 64                                        {product} {ergonomic}
   size_t InitialHeapSize                          = 390070272                                 {product} {ergonomic}
   size_t MarkStackSize                            = 4194304                                   {product} {ergonomic}
   size_t MaxHeapSize                              = 6232735744                                {product} {ergonomic}
   size_t MaxNewSize                               = 3737124864                                {product} {ergonomic}
   size_t MinHeapDeltaBytes                        = 4194304                                   {product} {ergonomic}
   size_t MinHeapSize                              = 8388608                                   {product} {ergonomic}
    uintx NonNMethodCodeHeapSize                   = 5839372                                {pd product} {ergonomic}
    uintx NonProfiledCodeHeapSize                  = 122909434                              {pd product} {ergonomic}
    uintx ProfiledCodeHeapSize                     = 122909434                              {pd product} {ergonomic}
    uintx ReservedCodeCacheSize                    = 251658240                              {pd product} {ergonomic}
     bool SegmentedCodeCache                       = true                                      {product} {ergonomic}
   size_t SoftMaxHeapSize                          = 6232735744                             {manageable} {ergonomic}
     bool UseCompressedOops                        = true                           {product lp64_product} {ergonomic}
     bool UseG1GC                                  = true                                      {product} {ergonomic}
     bool UseLargePagesIndividualAllocation        = false                                  {pd product} {ergonomic}

Logging:
Log output configuration:
 #0: stdout all=warning uptime,level,tags foldmultilines=false
 #1: stderr all=off uptime,level,tags foldmultilines=false

Release file:
IMPLEMENTOR="Eclipse Adoptium" 
IMPLEMENTOR_VERSION="Temurin-21.0.12.1+1" 
JAVA_RUNTIME_VERSION="21.0.12.1+1-LTS" 
JAVA_VERSION="21.0.12.1" 
JAVA_VERSION_DATE="2026-08-18" 
LIBC="default" 
MODULES="java.base java.compiler java.datatransfer java.xml java.prefs java.desktop java.instrument java.logging java.management java.security.sasl java.naming java.rmi java.management.rmi java.net.http java.scripting java.security.jgss java.transaction.xa java.sql java.sql.rowset java.xml.crypto java.se java.smartcardio jdk.accessibility jdk.internal.jvmstat jdk.attach jdk.charsets jdk.internal.opt jdk.zipfs jdk.compiler jdk.crypto.ec jdk.crypto.cryptoki jdk.crypto.mscapi jdk.dynalink jdk.internal.ed jdk.editpad jdk.hotspot.agent jdk.httpserver jdk.incubator.vector jdk.internal.le jdk.internal.vm.ci jdk.internal.vm.compiler jdk.internal.vm.compiler.management jdk.jartool jdk.javadoc jdk.jcmd jdk.management jdk.management.agent jdk.jconsole jdk.jdeps jdk.jdwp.agent jdk.jdi jdk.jfr jdk.jlink jdk.jpackage jdk.jshell jdk.jsobject jdk.jstatd jdk.localedata jdk.management.jfr jdk.naming.dns jdk.naming.rmi jdk.net jdk.nio.mapmode jdk.random jdk.sctp jdk.security.auth jdk.security.jgss jdk.unsupported jdk.unsupported.desktop jdk.xml.dom" 
OS_ARCH="x86_64" 
OS_NAME="Windows" 
SOURCE=".:git:1c417fbfc2f7" 
BUILD_SOURCE="git:e6ba7dec3d07654074559310376a3ae89da5f4ac"
BUILD_SOURCE_REPO="https://github.com/adoptium/temurin-build.git"
SOURCE_REPO="https://github.com/adoptium/jdk21u.git"
FULL_VERSION="21.0.12.1+1-LTS"
SEMANTIC_VERSION="21.0.12.1+1"
BUILD_INFO="OS: Windows Server 2022 Version: 10.0"
JVM_VARIANT="Hotspot"
JVM_VERSION="21.0.12.1+1-LTS"
IMAGE_TYPE="JDK"

Environment Variables:
JAVA_HOME=C:\Program Files\Eclipse Adoptium\jdk-21.0.12.101-hotspot\
CLASSPATH=c:\Users\fat7i\AppData\Roaming\Code\User\globalStorage\fwcd.kotlin\langServerInstall\server\lib\server-1.3.13.jar;c:\Users\fat7i\AppData\Roaming\Code\User\globalStorage\fwcd.kotlin\langServerInstall\server\lib\shared-1.3.13.jar;c:\Users\fat7i\AppData\Roaming\Code\User\globalStorage\fwcd.kotlin\langServerInstall\server\lib\kotlin-scripting-jvm-host-unshaded-2.1.0.jar;c:\Users\fat7i\AppData\Roaming\Code\User\globalStorage\fwcd.kotlin\langServerInstall\server\lib\kotlin-scripting-compiler-2.1.0.jar;c:\Users\fat7i\AppData\Roaming\Code\User\globalStorage\fwcd.kotlin\langServerInstall\server\lib\ktfmt-b5d31d1.jar;c:\Users\fat7i\AppData\Roaming\Code\User\globalStorage\fwcd.kotlin\langServerInstall\server\lib\kotlin-compiler-2.1.0.jar;c:\Users\fat7i\AppData\Roaming\Code\User\globalStorage\fwcd.kotlin\langServerInstall\server\lib\exposed-dao-0.37.3.jar;c:\Users\fat7i\AppData\Roaming\Code\User\globalStorage\fwcd.kotlin\langServerInstall\server\lib\exposed-jdbc-0.37.3.jar;c:\Users\fat7i\AppData\Roaming\Code\User\globalStorage\fwcd.kotlin\langServerInstall\server\lib\exposed-core-0.37.3.jar;c:\Users\fat7i\AppData\Roaming\Code\User\globalStorage\fwcd.kotlin\langServerInstall\server\lib\kotlin-scripting-compiler-impl-2.1.0.jar;c:\Users\fat7i\AppData\Roaming\Code\User\globalStorage\fwcd.kotlin\langServerInstall\server\lib\kotlin-reflect-2.1.0.jar;c:\Users\fat7i\AppData\Roaming\Code\User\globalStorage\fwcd.kotlin\langServerInstall\server\lib\kotlin-scripting-jvm-2.1.0.jar;c:\Users\fat7i\AppData\Roaming\Code\User\globalStorage\fwcd.kotlin\langServerInstall\server\lib\kotlin-scripting-common-2.1.0.jar;c:\Users\fat7i\AppData\Roaming\Code\User\globalStorage\fwcd.kotlin\langServerInstall\server\lib\kotlinx-coroutines-core-jvm-1.6.4.jar;c:\Users\fat7i\AppData\Roaming\Code\User\globalStorage\fwcd.kotlin\langServerInstall\server\lib\kotlin-stdlib-jdk8-2.1.0.jar;c:\Users\fat7i\AppData\Roaming\Code\User\globalStorage\fwcd.kotlin\langServerInstall\server\lib\kotlin-stdlib-jdk7-2.1.0.jar;c:\Users\fat7i\AppData\Roaming\Code\User\globalStorage\fwcd.kotlin\langServerInstall\server\lib\kotlin-stdlib-2.1.0.jar;c:\Users\fat7i\AppData\Roaming\Code\User\globalStorage\fwcd.kotlin\langServerInstall\server\lib\org.eclipse.lsp4j-0.21.2.jar;c:\Users\fat7i\AppData\Roaming\Code\User\globalStorage\fwcd.kotlin\langServerInstall\server\lib\org.eclipse.lsp4j.jsonrpc-0.21.2.jar;c:\Users\fat7i\AppData\Roaming\Code\User\globalStorage\fwcd.kotlin\langServerInstall\server\lib\kotlin-sam-with-receiver-compiler-plugin-2.1.0.jar;c:\Users\fat7i\AppData\Roaming\Code\User\globalStorage\fwcd.kotlin\langServerInstall\server\lib\fernflower-1.0.jar;c:\Users\fat7i\AppData\Roaming\Code\User\globalStorage\fwcd.kotlin\langServerInstall\server\lib\h2-1.4.200.jar;c:\Users\fat7i\AppData\Roaming\Code\User\globalStorage\fwcd.kotlin\langServerInstall\server\lib\jcommander-1.78.jar;c:\Users\fat7i\AppData\Roaming\Code\User\globalStorage\fwcd.kotlin\langServerInstall\server\lib\sqlite-jdbc-3.41.2.1.jar;c:\Users\fat7i\AppData\Roaming\Code\User\globalStorage\fwcd.kotlin\langServerInstall\server\lib\google-java-format-1.8.jar;c:\Users\fat7i\AppData\Roaming\Code\User\globalStorage\fwcd.kotlin\langServerInstall\server\lib\guava-33.3.0-jre.jar;c:\Users\fat7i\AppData\Roaming\Code\User\globalStorage\fwcd.kotlin\langServerInstall\server\lib\annotations-13.0.jar;c:\Users\fat7i\AppData\Roaming\Code\User\globalStorage\fwcd.kotlin\langServerInstall\server\lib\gson-2.10.1.jar;c:\Users\fat7i\AppData\Roaming\Code\User\globalStorage\fwcd.kotlin\langServerInstall\server\lib\kotlin-script-runtime-2.1.0.jar;c:\Users\fat7i\AppData\Roaming\Code\User\globalStorage\fwcd.kotlin\langServerInstall\server\lib\trove4j-1.0.20200330.jar;c:\Users\fat7i\AppData\Roaming\Code\User\globalStorage\fwcd.kotlin\langServerInstall\server\lib\jline-3.24.1.jar;c:\Users\fat7i\AppData\Roaming\Code\User\globalStorage\fwcd.kotlin\langServerInstall\server\lib\slf4j-api-1.7.25.jar;c:\Users\fat7i\AppData\Roaming\Code\User\globalStorage\fwcd.kotlin\langServerInstall\server\lib\jna-4.2.2.jar;c:\Users\fat7i\AppData\Roaming\Code\User\globalStorage\fwcd.kotlin\langServerInstall\server\lib\failureaccess-1.0.2.jar;c:\Users\fat7i\AppData\Roaming\Code\User\globalStorage\fwcd.kotlin\langServerInstall\server\lib\listenablefuture-9999.0-empty-to-avoid-conflict-with-guava.jar;c:\Users\fat7i\AppData\Roaming\Code\User\globalStorage\fwcd.kotlin\langServerInstall\server\lib\jsr305-3.0.2.jar;c:\Users\fat7i\AppData\Roaming\Code\User\globalStorage\fwcd.kotlin\langServerInstall\server\lib\checker-qual-3.43.0.jar;c:\Users\fat7i\AppData\Roaming\Code\User\globalStorage\fwcd.kotlin\langServerInstall\server\lib\error_prone_annotations-2.28.0.jar
PATH=C:\Program Files\WindowsApps\Microsoft.PowerShell_7.6.6.0_x64__8wekyb3d8bbwe;C:\Program Files\Eclipse Adoptium\jdk-21.0.12.101-hotspot\bin;C:\Program Files\Python313\Scripts\;C:\Program Files\Python313\;C:\Program Files\Common Files\Oracle\Java\javapath;C:\WINDOWS\system32;C:\WINDOWS;C:\WINDOWS\System32\Wbem;C:\WINDOWS\System32\WindowsPowerShell\v1.0\;C:\WINDOWS\System32\OpenSSH\;C:\Program Files (x86)\NVIDIA Corporation\PhysX\Common;C:\Program Files\dotnet\;C:\Program Files\Git\cmd;C:\Program Files\nodejs\;C:\Program Files\Microsoft SQL Server\170\Tools\Binn\;C:\Program Files\Microsoft SQL Server\Client SDK\ODBC\170\Tools\Binn\;C:\Program Files (x86)\Windows Kits\10\Windows Performance Toolkit\;C:\Users\fat7i\AppData\Local\Programs\Antigravity IDE;C:\Users\fat7i\.local\bin;;C:\Program Files\Docker\Docker\resources\bin;C:\Program Files (x86)\Microsoft SQL Server\170\Tools\Binn\;C:\Program Files\Microsoft SQL Server\Client SDK\ODBC\180\Tools\Binn\;C:\Program Files\Microsoft SQL Server\170\DTS\Binn\;C:\Users\fat7i\AppData\Local\Microsoft\WindowsApps;C:\Users\fat7i\AppData\Local\Programs\Microsoft VS Code\bin;C:\Users\fat7i\.dotnet\tools;C:\flutter\bin;C:\Users\fat7i\AppData\Roaming\npm;C:\Users\fat7i\AppData\Local\Pub\Cache\bin;C:\Users\fat7i\AppData\Local\Programs\Antigravity IDE\bin;C:\Users\fat7i\AppData\Local\PowerToys\DSCModules\;C:\Users\fat7i\.shorebird\bin;C:\Users\fat7i\AppData\Local\Android\Sdk\platform-tools;C:\Users\fat7i\AppData\Local\Android\Sdk\emulator;C:\Users\fat7i\AppData\Local\Android\Sdk\cmdline-tools\latest\bin
USERNAME=fat7i
OS=Windows_NT
PROCESSOR_IDENTIFIER=AMD64 Family 25 Model 68 Stepping 1, AuthenticAMD
TMP=C:\Users\fat7i\AppData\Local\Temp
TEMP=C:\Users\fat7i\AppData\Local\Temp




Periodic native trim disabled

---------------  S Y S T E M  ---------------

OS:
 Windows 11 , 64 bit Build 26100 (10.0.26100.9444)
OS uptime: 6 days 2:22 hours
Hyper-V role detected

CPU: total 12 (initial active 12) (12 cores per cpu, 2 threads per core) family 25 model 68 stepping 1 microcode 0xa40410a, cx8, cmov, fxsr, ht, mmx, 3dnowpref, sse, sse2, sse3, ssse3, sse4a, sse4.1, sse4.2, popcnt, lzcnt, tsc, tscinvbit, avx, avx2, aes, erms, clmul, bmi1, bmi2, adx, sha, fma, vzeroupper, clflush, clflushopt, hv, rdtscp, rdpid, fsrm, f16c, cet_ss
Processor Information for the first 12 processors :
  Max Mhz: 3301, Current Mhz: 3301, Mhz Limit: 3301

Memory: 4k page, system-wide physical 23765M (355M free)
TotalPageFile size 84680M (AvailPageFile size 57M)
current process WorkingSet (physical memory assigned to process): 931M, peak: 1316M
current process commit charge ("private bytes"): 3265M, peak: 3269M

vm_info: OpenJDK 64-Bit Server VM (21.0.12.1+1-LTS) for windows-amd64 JRE (21.0.12.1+1-LTS), built on 2026-08-18T00:00:00Z by "admin" with MS VC++ 17.12 (VS2022)

END.
